ts_code,trade_date,open,high,low,close,pre_close,change,pct_chg,vol,amount,yield
002108.SZ,20180102,11.39,11.68,11.34,11.66,11.36,0.3,2.64,134346.08,155275.087,-0.06
002108.SZ,20180103,11.75,12.45,11.63,12.28,11.66,0.62,5.32,395332.12,479091.037,-0.14
002108.SZ,20180104,12.18,12.18,11.95,12.09,12.28,-0.19,-1.55,223951.03,270356.463,-0.18
002108.SZ,20180105,12.06,12.27,12.03,12.08,12.09,-0.01,-0.08,116349.11,141002.072,-0.19
002108.SZ,20180108,12.07,12.17,11.91,12.06,12.08,-0.02,-0.17,106880.59,128782.70800000001,-0.19
002108.SZ,20180109,12.07,12.15,11.92,11.93,12.06,-0.13,-1.08,91863.61,110439.17599999999,-0.25
002108.SZ,20180110,11.94,12.14,11.82,12.07,11.93,0.14,1.17,144858.45,173628.703,-0.25
002108.SZ,20180111,12.01,12.11,11.9,12.08,12.07,0.01,0.08,96007.31,115422.352,-0.23
002108.SZ,20180112,12.1,12.19,11.91,11.93,12.08,-0.15,-1.24,84656.64,102135.854,-0.24
002108.SZ,20180115,11.93,11.97,11.2,11.37,11.93,-0.56,-4.69,176951.79,204085.076,-0.17
002108.SZ,20180116,11.36,11.46,11.16,11.25,11.37,-0.12,-1.06,107615.84,121244.525,-0.16
002108.SZ,20180117,11.24,11.28,10.95,11.17,11.25,-0.08,-0.71,107311.65,119032.465,-0.15
002108.SZ,20180118,11.2,11.28,11.16,11.19,11.17,0.02,0.18,55632.1,62349.747,-0.12
002108.SZ,20180119,11.16,11.34,11.09,11.21,11.19,0.02,0.18,73275.89,82216.595,-0.12
002108.SZ,20180122,11.27,11.29,11.05,11.24,11.21,0.03,0.27,82969.23,92761.589,-0.1
002108.SZ,20180123,11.23,11.43,11.21,11.37,11.24,0.13,1.16,91582.61,103765.536,-0.12
002108.SZ,20180124,11.37,11.42,11.19,11.39,11.37,0.02,0.18,112045.78,126960.226,-0.11
002108.SZ,20180125,11.42,11.54,11.36,11.39,11.39,0.0,0.0,110526.47,126937.29699999999,-0.11
002108.SZ,20180126,11.42,11.5,11.22,11.26,11.39,-0.13,-1.14,119226.4,134814.344,-0.11
002108.SZ,20180129,11.26,11.28,10.94,10.95,11.26,-0.31,-2.75,180524.76,199204.947,-0.09
002108.SZ,20180130,10.99,11.15,10.92,10.96,10.95,0.01,0.09,105987.24,117135.46699999999,-0.07
002108.SZ,20180131,10.98,11.04,10.44,10.5,10.96,-0.46,-4.2,200885.65,213316.03699999998,-0.06
002108.SZ,20180201,10.5,10.58,9.91,9.95,10.5,-0.55,-5.24,179363.34,182392.522,0.02
002108.SZ,20180202,9.86,10.07,9.56,9.76,9.95,-0.19,-1.91,136030.62,133468.834,0.05
002108.SZ,20180205,9.66,9.9,9.5,9.81,9.76,0.05,0.51,81461.09,79777.084,0.07
002108.SZ,20180206,9.66,9.78,8.9,8.9,9.81,-0.91,-9.28,180890.12,168675.7,0.16
002108.SZ,20180207,9.13,9.27,8.73,9.1,8.9,0.2,2.25,135612.07,122838.08300000001,0.13
002108.SZ,20180208,9.1,9.38,9.1,9.32,9.1,0.22,2.42,99679.25,92661.382,0.09
002108.SZ,20180209,9.08,9.26,8.92,9.1,9.32,-0.22,-2.36,117675.69,107069.675,0.1
002108.SZ,20180212,9.13,9.64,9.13,9.49,9.1,0.39,4.29,144571.49,136332.945,0.11
002108.SZ,20180213,9.53,9.78,9.45,9.5,9.49,0.01,0.11,139600.19,134394.399,0.09
002108.SZ,20180214,9.55,9.57,9.37,9.47,9.5,-0.03,-0.32,72821.0,68856.564,0.08
002108.SZ,20180222,9.58,9.86,9.45,9.8,9.47,0.33,3.48,117943.42,114375.155,0.03
002108.SZ,20180223,9.91,10.13,9.8,9.85,9.8,0.05,0.51,149702.03,148861.586,-0.08
002108.SZ,20180226,9.9,10.19,9.81,10.12,9.85,0.27,2.74,156483.03,156987.9,-0.09
002108.SZ,20180227,10.13,10.2,9.98,10.02,10.12,-0.1,-0.99,100524.96,101266.13,-0.07
002108.SZ,20180228,9.98,10.26,9.8,10.14,10.02,0.12,1.2,121793.84,122674.373,-0.08
002108.SZ,20180301,10.07,10.2,10.0,10.14,10.14,0.0,0.0,85283.7,86274.97,-0.07
002108.SZ,20180302,10.08,10.25,10.01,10.02,10.14,-0.12,-1.18,103068.1,104327.73,-0.05
002108.SZ,20180305,10.03,10.1,9.9,9.93,10.02,-0.09,-0.9,82298.93,82023.22099999999,-0.06
002108.SZ,20180306,9.99,10.17,9.96,10.17,9.93,0.24,2.42,122997.57,123955.19699999999,-0.1
002108.SZ,20180307,10.14,10.17,9.92,9.92,10.17,-0.25,-2.46,86795.9,86986.444,-0.08
002108.SZ,20180308,9.91,10.28,9.88,10.17,9.92,0.25,2.52,192953.58,194581.23899999997,-0.1
002108.SZ,20180309,10.25,10.29,10.11,10.28,10.17,0.11,1.08,190084.11,194194.307,-0.11
002108.SZ,20180312,10.38,10.67,10.26,10.49,10.28,0.21,2.04,241244.43,252812.388,-0.13
002108.SZ,20180313,10.43,10.47,10.27,10.3,10.49,-0.19,-1.81,161269.99,167020.937,-0.12
002108.SZ,20180314,10.26,10.5,10.21,10.25,10.3,-0.05,-0.49,152600.88,158435.646,-0.11
002108.SZ,20180315,10.2,10.34,10.07,10.19,10.25,-0.06,-0.59,114471.15,116639.59,-0.12
002108.SZ,20180316,10.23,10.26,10.03,10.04,10.19,-0.15,-1.47,75582.5,76515.603,-0.12
002108.SZ,20180319,10.24,10.69,10.21,10.49,10.04,0.45,4.48,282405.7,296683.365,-0.15
002108.SZ,20180320,10.31,10.46,10.19,10.39,10.49,-0.1,-0.95,153953.16,158627.572,-0.14
002108.SZ,20180321,10.37,10.54,10.18,10.24,10.39,-0.15,-1.44,147237.43,152901.342,-0.15
002108.SZ,20180322,10.32,10.38,10.09,10.1,10.24,-0.14,-1.37,109727.9,111701.84300000001,-0.23
002108.SZ,20180323,9.1,9.54,9.09,9.09,10.1,-1.01,-10.0,329570.14,304873.648,-0.14
002108.SZ,20180326,8.81,9.2,8.72,9.17,9.09,0.08,0.88,158377.06,142246.259,-0.15
002108.SZ,20180327,9.29,9.39,9.21,9.33,9.17,0.16,1.74,151575.73,141172.43,-0.2
002108.SZ,20180328,9.17,9.54,9.12,9.37,9.33,0.04,0.43,159601.36,149539.001,-0.21
002108.SZ,20180329,9.4,9.49,9.33,9.45,9.37,0.08,0.85,91797.88,86444.425,-0.22
002108.SZ,20180330,9.51,9.64,9.49,9.55,9.45,0.1,1.06,109184.74,104325.349,-0.2
002108.SZ,20180402,9.63,9.65,9.35,9.37,9.55,-0.18,-1.88,139862.03,132292.415,-0.2
002108.SZ,20180403,9.26,9.26,9.09,9.13,9.37,-0.24,-2.56,109428.55,100093.399,-0.16
002108.SZ,20180404,9.24,9.28,9.07,9.09,9.13,-0.04,-0.44,79469.98,72753.055,-0.16
002108.SZ,20180409,9.07,9.16,9.01,9.12,9.09,0.03,0.33,67960.11,61766.449,-0.11
002108.SZ,20180410,9.16,9.16,9.07,9.15,9.12,0.03,0.33,63711.29,58091.519,-0.12
002108.SZ,20180411,9.16,9.26,9.12,9.16,9.15,0.01,0.11,82983.07,76345.56,-0.13
002108.SZ,20180412,9.13,9.21,9.06,9.08,9.16,-0.08,-0.87,71291.01,65000.846,-0.09
002108.SZ,20180413,9.18,9.18,9.05,9.09,9.08,0.01,0.11,58436.29,53132.39,-0.09
002108.SZ,20180416,9.14,9.15,8.9,8.95,9.09,-0.14,-1.54,75875.08,68258.616,-0.08
002108.SZ,20180417,8.95,9.03,8.78,8.81,8.95,-0.14,-1.56,76190.94,67552.033,-0.07
002108.SZ,20180418,8.86,8.91,8.7,8.89,8.81,0.08,0.91,75789.88,66722.24799999999,-0.31
002108.SZ,20180419,8.9,8.99,8.83,8.93,8.89,0.04,0.45,70090.13,62469.934,-0.31
002108.SZ,20180420,8.93,8.93,8.65,8.68,8.93,-0.25,-2.8,75170.44,65957.299,-0.29
002108.SZ,20180423,8.6,8.6,7.81,7.81,8.68,-0.87,-10.02,270535.23,216938.081,-0.23
002108.SZ,20180424,7.84,7.94,7.82,7.84,7.81,0.03,0.38,126254.6,99449.599,-0.23
002108.SZ,20180425,7.8,7.89,7.75,7.81,7.84,-0.03,-0.38,70513.6,55219.817,-0.25
002108.SZ,20180426,7.84,7.84,7.41,7.44,7.81,-0.37,-4.74,151647.84,114262.263,-0.21
002108.SZ,20180427,7.46,7.5,7.3,7.41,7.44,-0.03,-0.4,87181.78,64480.203,-0.23
002108.SZ,20180502,7.43,7.5,7.28,7.41,7.41,0.0,0.0,75269.47,55463.621,-0.27
002108.SZ,20180503,7.99,7.99,7.52,7.65,7.41,0.24,3.24,127648.44,97656.403,-0.28
002108.SZ,20180504,7.57,7.62,7.49,7.5,7.65,-0.15,-1.96,68923.31,51968.702000000005,-0.29
002108.SZ,20180507,7.52,7.72,7.41,7.67,7.5,0.17,2.27,103238.95,78609.28,-0.31
002108.SZ,20180508,7.65,7.77,7.63,7.68,7.67,0.01,0.13,81242.5,62623.238,-0.3
002108.SZ,20180509,7.79,8.2,7.73,8.16,7.68,0.48,6.25,253789.33,202983.83800000002,-0.31
002108.SZ,20180510,8.1,8.16,7.98,8.05,8.16,-0.11,-1.35,138560.97,111742.38699999999,-0.32
002108.SZ,20180511,8.05,8.09,7.94,7.95,8.05,-0.1,-1.24,90446.3,72272.04400000001,-0.33
002108.SZ,20180514,8.03,8.47,8.0,8.26,7.95,0.31,3.9,218223.87,181136.695,-0.35
002108.SZ,20180515,8.31,8.32,8.13,8.27,8.26,0.01,0.12,106296.21,87372.102,-0.35
002108.SZ,20180516,8.19,8.34,8.15,8.23,8.27,-0.04,-0.48,86787.19,71498.114,-0.36
002108.SZ,20180517,8.28,8.31,8.2,8.23,8.23,0.0,0.0,68008.84,56017.992,-0.37
002108.SZ,20180518,6.19,6.2,6.01,6.1,6.18,-0.08,-1.29,100266.17,61063.41,-0.19
002108.SZ,20180521,6.16,6.23,6.11,6.13,6.1,0.03,0.49,110100.62,67743.54400000001,-0.27
002108.SZ,20180522,6.15,6.18,6.05,6.13,6.13,0.0,0.0,88276.92,53850.560999999994,-0.29
002108.SZ,20180523,6.11,6.11,6.0,6.01,6.13,-0.12,-1.96,90362.42,54630.355,-0.2
002108.SZ,20180524,6.03,6.08,5.98,6.0,6.01,-0.01,-0.17,67107.46,40514.053,-0.12
002108.SZ,20180525,6.02,6.06,5.84,5.86,6.0,-0.14,-2.33,93520.56,55563.452000000005,-0.08
002108.SZ,20180528,5.85,5.93,5.84,5.86,5.86,0.0,0.0,64869.44,38174.525,-0.1
002108.SZ,20180529,5.86,5.88,5.7,5.71,5.86,-0.15,-2.56,79339.86,45805.499,-0.09
002108.SZ,20180530,5.56,5.6,5.4,5.44,5.71,-0.27,-4.73,123841.87,68166.128,-0.02
002108.SZ,20180531,5.49,5.54,5.41,5.49,5.44,0.05,0.92,79083.01,43176.138,0.07
002108.SZ,20180601,5.46,5.47,5.35,5.36,5.49,-0.13,-2.37,80682.08,43412.302,0.06
002108.SZ,20180604,5.38,5.41,5.32,5.32,5.36,-0.04,-0.75,52918.12,28350.566000000003,0.07
002108.SZ,20180605,5.33,5.41,5.31,5.41,5.32,0.09,1.69,71419.52,38300.143,-0.01
002108.SZ,20180606,5.42,5.88,5.38,5.61,5.41,0.2,3.7,180650.39,102007.181,-0.02
002108.SZ,20180607,5.62,5.65,5.49,5.49,5.61,-0.12,-2.14,99485.07,55146.334,0.0
002108.SZ,20180608,5.52,5.52,5.33,5.35,5.49,-0.14,-2.55,89476.31,48101.140999999996,0.07
002108.SZ,20180611,5.31,5.44,5.26,5.34,5.35,-0.01,-0.19,71507.56,38316.201,0.08
002108.SZ,20180612,5.31,5.36,5.28,5.34,5.34,0.0,0.0,49638.81,26461.624,0.07
002108.SZ,20180613,5.35,5.35,5.22,5.23,5.34,-0.11,-2.06,61592.61,32511.127999999997,0.13
002108.SZ,20180614,5.2,5.26,5.14,5.15,5.23,-0.08,-1.53,91075.09,47305.09099999999,0.13
002108.SZ,20180615,5.14,5.2,4.94,4.96,5.15,-0.19,-3.69,124035.9,62328.852999999996,0.16
002108.SZ,20180619,4.86,4.86,4.46,4.46,4.96,-0.5,-10.08,200209.3,91530.17199999999,0.3
002108.SZ,20180620,4.37,4.46,4.06,4.37,4.46,-0.09,-2.02,206354.17,89011.82400000001,0.33
002108.SZ,20180621,4.38,4.81,4.38,4.81,4.37,0.44,10.07,328621.75,152064.288,0.17
002108.SZ,20180622,4.88,5.29,4.81,5.29,4.81,0.48,9.98,402068.65,206688.485,0.08
002108.SZ,20180625,5.82,5.82,5.38,5.42,5.29,0.13,2.46,1065728.12,600952.076,0.07
002108.SZ,20180626,5.02,5.29,5.0,5.27,5.42,-0.15,-2.77,636301.69,327768.703,0.1
002108.SZ,20180627,5.14,5.42,5.11,5.21,5.27,-0.06,-1.14,526461.58,276674.662,0.09
002108.SZ,20180628,5.09,5.43,5.07,5.34,5.21,0.13,2.5,555982.41,293605.36699999997,0.05
002108.SZ,20180629,5.2,5.87,5.18,5.87,5.34,0.53,9.93,629282.87,349733.89700000006,-0.07
002108.SZ,20180702,5.9,5.9,5.56,5.66,5.87,-0.21,-3.58,715978.53,409768.159,-0.05
002108.SZ,20180703,5.6,5.75,5.47,5.69,5.66,0.03,0.53,506744.06,285331.01300000004,-0.08
002108.SZ,20180704,5.7,5.7,5.3,5.37,5.69,-0.32,-5.62,360897.41,197513.438,-0.04
002108.SZ,20180705,5.31,5.91,5.3,5.49,5.37,0.12,2.23,571273.46,322955.021,-0.09
002108.SZ,20180706,5.4,5.75,5.22,5.5,5.49,0.01,0.18,513662.41,281456.794,-0.11
002108.SZ,20180709,5.48,5.75,5.41,5.7,5.5,0.2,3.64,497722.23,278246.43,-0.14
002108.SZ,20180710,5.7,5.96,5.63,5.78,5.7,0.08,1.4,546239.47,316049.874,-0.12
002108.SZ,20180711,5.65,5.74,5.4,5.72,5.78,-0.06,-1.04,410211.55,229767.71300000002,-0.14
002108.SZ,20180712,5.67,6.14,5.63,5.92,5.72,0.2,3.5,662060.18,389354.43100000004,-0.15
002108.SZ,20180713,5.92,6.0,5.79,5.82,5.92,-0.1,-1.69,414561.04,243069.23899999997,-0.14
002108.SZ,20180716,5.77,5.84,5.72,5.75,5.82,-0.07,-1.2,211203.42,121689.163,-0.14
002108.SZ,20180717,5.71,5.94,5.71,5.82,5.75,0.07,1.22,270120.66,157260.535,-0.15
002108.SZ,20180718,6.11,6.26,5.78,5.8,5.82,-0.02,-0.34,458258.82,273992.715,-0.18
002108.SZ,20180719,5.75,5.8,5.63,5.64,5.8,-0.16,-2.76,261486.41,148951.228,-0.18
002108.SZ,20180720,5.46,5.75,5.46,5.69,5.64,0.05,0.8865,217760.91,123122.59199999999,-0.21
002108.SZ,20180723,5.68,5.88,5.63,5.78,5.69,0.09,1.5817,220837.74,127739.627,-0.14
002108.SZ,20180724,5.88,5.88,5.74,5.81,5.78,0.03,0.519,267231.72,154872.142,-0.15
002108.SZ,20180725,5.78,5.84,5.66,5.67,5.81,-0.14,-2.4096,219706.08,125968.101,-0.14
002108.SZ,20180726,5.69,5.75,5.61,5.62,5.67,-0.05,-0.8818,160650.57,90894.69699999999,-0.11
002108.SZ,20180727,5.61,5.64,5.48,5.48,5.62,-0.14,-2.4911,162321.41,89980.836,-0.12
002108.SZ,20180730,5.48,5.59,5.33,5.39,5.48,-0.09,-1.6423,145008.42,79428.121,-0.09
002108.SZ,20180731,5.36,5.43,5.18,5.24,5.39,-0.15,-2.7829,183202.74,96576.164,-0.06
002108.SZ,20180801,5.24,5.34,5.16,5.16,5.24,-0.08,-1.5267,114593.14,60236.382000000005,-0.04
002108.SZ,20180802,5.16,5.19,4.72,5.0,5.16,-0.16,-3.1008,195211.97,96276.54400000001,-0.04
002108.SZ,20180803,5.08,5.08,4.88,4.89,5.0,-0.11,-2.2,97244.19,48437.197,-0.04
002108.SZ,20180806,4.89,4.97,4.8,4.9,4.89,0.01,0.2045,91298.12,44593.935,-0.05
002108.SZ,20180807,4.93,5.14,4.91,5.1,4.9,0.2,4.0816,152571.43,76868.435,-0.07
002108.SZ,20180808,5.1,5.17,4.92,4.93,5.1,-0.17,-3.3333,115673.64,58378.425,-0.08
002108.SZ,20180809,4.95,5.07,4.93,5.01,4.93,0.08,1.6227,113063.9,56786.575999999994,-0.09
002108.SZ,20180810,5.0,5.04,4.97,5.02,5.01,0.01,0.1996,76370.55,38219.075,-0.09
002108.SZ,20180813,4.97,4.97,4.84,4.96,5.02,-0.06,-1.1952,104335.1,51165.181,-0.05
002108.SZ,20180814,4.97,4.99,4.92,4.94,4.96,-0.02,-0.4032,62790.75,31092.638,-0.05
002108.SZ,20180815,4.94,4.95,4.75,4.76,4.94,-0.18,-3.6437,105860.28,51153.876,-0.0
002108.SZ,20180816,4.75,4.81,4.61,4.61,4.76,-0.15,-3.1513,97453.76,45714.248,0.03
002108.SZ,20180817,4.66,4.73,4.46,4.51,4.61,-0.1,-2.1692,105375.58,48255.46400000001,0.05
002108.SZ,20180820,4.46,4.96,4.41,4.96,4.51,0.45,9.9778,412663.03,199648.81,-0.08
002108.SZ,20180821,4.94,5.14,4.83,4.96,4.96,0.0,0.0,425109.9,211242.905,-0.06
002108.SZ,20180822,4.95,5.07,4.85,4.89,4.96,-0.07,-1.4113,196934.96,97364.895,-0.04
002108.SZ,20180823,4.87,5.02,4.86,4.99,4.89,0.1,2.045,167358.95,82690.994,-0.07
002108.SZ,20180824,4.93,5.0,4.83,4.84,4.99,-0.15,-3.0060000000000002,123066.34,60576.26,-0.02
002108.SZ,20180827,4.83,4.91,4.83,4.89,4.84,0.05,1.0331,104601.46,51030.439000000006,-0.05
002108.SZ,20180828,4.9,5.05,4.88,4.95,4.89,0.06,1.227,134815.35,66987.098,-0.06
002108.SZ,20180829,4.93,4.97,4.9,4.96,4.95,0.01,0.20199999999999999,88040.35,43496.758,-0.08
002108.SZ,20180830,4.99,5.0,4.78,4.79,4.96,-0.17,-3.4274,125875.45,61509.687000000005,-0.04
002108.SZ,20180831,4.79,4.79,4.63,4.67,4.79,-0.12,-2.5052,101768.82,47831.799000000006,-0.03
002108.SZ,20180903,4.67,4.72,4.6,4.67,4.67,0.0,0.0,76798.06,35742.712999999996,-0.03
002108.SZ,20180904,4.67,4.74,4.65,4.72,4.67,0.05,1.0707,68179.99,32096.333,-0.05
002108.SZ,20180905,4.7,4.73,4.56,4.56,4.72,-0.16,-3.3898,91413.71,42472.301,-0.11
002108.SZ,20180906,4.54,4.61,4.52,4.55,4.56,-0.01,-0.2193,71844.92,32775.547,-0.1
002108.SZ,20180907,4.57,4.67,4.54,4.58,4.55,0.03,0.6593,77501.87,35690.539,-0.12
002108.SZ,20180910,4.57,4.89,4.48,4.69,4.58,0.11,2.4017,129666.66,60128.310999999994,-0.17
002108.SZ,20180911,4.68,4.75,4.62,4.69,4.69,0.0,0.0,85552.59,40042.679,-0.16
002108.SZ,20180912,4.66,4.81,4.66,4.75,4.69,0.06,1.2793,116521.71,55193.16099999999,-0.19
002108.SZ,20180913,4.8,4.83,4.7,4.74,4.75,-0.01,-0.2105,88555.83,42005.61,-0.18
002108.SZ,20180914,4.73,4.86,4.73,4.73,4.74,-0.01,-0.21100000000000002,134884.9,64644.707,-0.14
002108.SZ,20180917,4.7,4.71,4.54,4.58,4.73,-0.15,-3.1712,88953.9,40891.045,-0.1
002108.SZ,20180918,4.53,4.65,4.53,4.64,4.58,0.06,1.31,63290.14,29128.412,-0.12
002108.SZ,20180919,4.63,4.72,4.61,4.67,4.64,0.03,0.6466,89209.68,41789.378,-0.13
002108.SZ,20180920,4.65,4.75,4.65,4.65,4.67,-0.02,-0.4283,76037.5,35648.843,-0.13
002108.SZ,20180921,4.69,4.83,4.62,4.75,4.65,0.1,2.1505,158002.96,74785.02799999999,-0.16
002108.SZ,20180925,4.68,4.72,4.63,4.66,4.75,-0.09,-1.8947,74064.62,34623.234,-0.12
002108.SZ,20180926,4.67,4.73,4.66,4.66,4.66,0.0,0.0,79744.09,37418.245,-0.12
002108.SZ,20180927,4.66,4.67,4.55,4.57,4.66,-0.09,-1.9313,99580.38,45788.496,-0.1
002108.SZ,20180928,4.57,4.64,4.57,4.58,4.57,0.01,0.2188,50668.41,23245.832000000002,-0.08
002108.SZ,20181008,4.52,4.55,4.45,4.54,4.58,-0.04,-0.8734,94434.29,42503.432,-0.07
002108.SZ,20181009,4.51,4.57,4.49,4.51,4.54,-0.03,-0.6608,44201.96,20034.427,-0.07
002108.SZ,20181010,4.54,4.55,4.46,4.49,4.51,-0.02,-0.4435,48253.44,21683.44,-0.07
002108.SZ,20181011,4.24,4.38,4.04,4.04,4.49,-0.45,-10.0223,178027.95,74210.803,0.02
002108.SZ,20181012,4.0,4.11,3.74,4.1,4.04,0.06,1.4851,142218.04,56280.63,0.01
002108.SZ,20181015,4.1,4.16,4.03,4.03,4.1,-0.07,-1.7073,77245.63,31694.412,0.06
002108.SZ,20181016,4.01,4.08,3.86,3.88,4.03,-0.15,-3.7221,73361.98,29068.411,0.13
002108.SZ,20181017,3.96,3.98,3.81,3.95,3.88,0.07,1.8041,69640.08,27246.057999999997,0.1
002108.SZ,20181018,3.94,3.95,3.81,3.84,3.95,-0.11,-2.7848,66249.91,25698.603,0.15
002108.SZ,20181019,3.84,3.96,3.73,3.91,3.84,0.07,1.8229,87322.09,33719.163,0.14
002108.SZ,20181022,3.95,4.15,3.95,4.07,3.91,0.16,4.0921,144776.91,58706.678,0.15
002108.SZ,20181023,4.07,4.26,4.04,4.11,4.07,0.04,0.9828,165441.67,68518.459,0.08
002108.SZ,20181024,4.07,4.16,4.04,4.07,4.11,-0.04,-0.9732,76469.03,31277.587000000003,0.1
002108.SZ,20181025,3.99,4.06,3.91,4.04,4.07,-0.03,-0.7371,77852.19,31112.997000000003,0.09
002108.SZ,20181026,4.05,4.11,4.02,4.04,4.04,0.0,0.0,65549.21,26648.037,0.04
002108.SZ,20181029,4.0,4.06,3.98,4.0,4.04,-0.04,-0.9901,49703.15,19972.981,0.06
002108.SZ,20181030,3.95,4.14,3.95,4.08,4.0,0.08,2.0,97659.84,39635.734,0.05
002108.SZ,20181031,4.06,4.15,4.06,4.11,4.08,0.03,0.7353,103738.94,42743.018,0.04
002108.SZ,20181101,4.13,4.2,4.11,4.11,4.11,0.0,0.0,125014.88,51770.174000000006,0.01
002108.SZ,20181102,4.15,4.23,4.14,4.22,4.11,0.11,2.6764,165426.28,69229.602,0.08
002108.SZ,20181105,4.2,4.31,4.17,4.23,4.22,0.01,0.237,144017.27,60957.925,0.15
002108.SZ,20181106,4.2,4.24,4.15,4.19,4.23,-0.04,-0.9456,98294.96,41124.05,0.19
002108.SZ,20181107,4.25,4.31,4.19,4.19,4.19,0.0,0.0,147498.29,62752.890999999996,0.16
002108.SZ,20181108,4.22,4.25,4.12,4.13,4.19,-0.06,-1.432,119257.52,49986.501,0.15
002108.SZ,20181109,4.16,4.23,4.13,4.16,4.13,0.03,0.7264,89809.86,37522.7,0.15
002108.SZ,20181112,4.17,4.27,4.15,4.27,4.16,0.11,2.6442,116467.11,49278.46599999999,0.12
002108.SZ,20181113,4.22,4.42,4.21,4.4,4.27,0.13,3.0445,240190.6,104203.27,0.1
002108.SZ,20181114,4.38,4.43,4.33,4.33,4.4,-0.07,-1.5909,203923.84,89104.084,0.14
002108.SZ,20181115,4.32,4.42,4.32,4.41,4.33,0.08,1.8476,150923.61,66126.412,0.11
002108.SZ,20181116,4.41,4.48,4.38,4.44,4.41,0.03,0.6803,164567.32,72960.698,0.06
002108.SZ,20181119,4.45,4.75,4.35,4.68,4.44,0.24,5.4054,350449.61,159717.084,0.01
002108.SZ,20181120,4.6,4.7,4.42,4.44,4.68,-0.24,-5.1282,308558.41,141119.611,0.05
002108.SZ,20181121,4.3,4.47,4.3,4.46,4.44,0.02,0.4505,129426.74,56965.450999999994,0.02
002108.SZ,20181122,4.43,4.47,4.39,4.41,4.46,-0.05,-1.1211,87699.64,38856.384,0.03
002108.SZ,20181123,4.41,4.44,4.18,4.2,4.41,-0.21,-4.7619,139759.77,60147.703,0.06
002108.SZ,20181126,4.2,4.29,4.19,4.24,4.2,0.04,0.9524,66206.73,28058.911,0.06
002108.SZ,20181127,4.26,4.31,4.24,4.28,4.24,0.04,0.9434,72279.01,30869.397999999997,0.01
002108.SZ,20181128,4.32,4.33,4.14,4.28,4.28,0.0,0.0,111203.86,47261.645,-0.0
002108.SZ,20181129,4.32,4.35,4.15,4.15,4.28,-0.13,-3.0374,111318.36,47467.348,0.01
002108.SZ,20181130,4.18,4.57,4.16,4.57,4.15,0.42,10.1205,719070.86,324062.989,-0.08
002108.SZ,20181203,4.65,5.02,4.58,4.85,4.57,0.28,6.1269,964589.71,462227.9,-0.12
002108.SZ,20181204,4.8,5.13,4.73,4.99,4.85,0.14,2.8866,804307.97,392977.412,-0.15
002108.SZ,20181205,4.84,4.97,4.81,4.88,4.99,-0.11,-2.2044,459986.85,225071.021,-0.1
002108.SZ,20181206,4.84,4.95,4.71,4.74,4.88,-0.14,-2.8689,388088.88,186803.264,-0.06
002108.SZ,20181207,4.81,4.85,4.73,4.8,4.74,0.06,1.2658,248142.17,118780.67800000001,-0.07
002108.SZ,20181210,4.73,4.92,4.73,4.77,4.8,-0.03,-0.625,269793.85,129586.006,-0.08
002108.SZ,20181211,4.79,4.85,4.68,4.83,4.77,0.06,1.2579,261721.54,125036.088,-0.09
002108.SZ,20181212,4.84,5.04,4.82,4.94,4.83,0.11,2.2774,498511.96,245804.387,-0.11
002108.SZ,20181213,4.93,4.94,4.77,4.88,4.94,-0.06,-1.2146,311215.13,151395.519,-0.1
002108.SZ,20181214,4.88,4.94,4.66,4.69,4.88,-0.19,-3.8934,262978.47,125701.51800000001,-0.04
002108.SZ,20181217,4.65,4.78,4.58,4.74,4.69,0.05,1.0661,187900.55,88225.99900000001,-0.05
002108.SZ,20181218,4.69,4.75,4.6,4.66,4.74,-0.08,-1.6878,188429.48,87606.984,-0.06
002108.SZ,20181219,4.68,4.69,4.54,4.56,4.66,-0.1,-2.1459,143829.53,66087.703,-0.03
002108.SZ,20181220,4.56,4.62,4.49,4.53,4.56,-0.03,-0.6579,136215.87,61979.926,-0.03
002108.SZ,20181221,4.53,4.55,4.43,4.44,4.53,-0.09,-1.9868,118986.46,53129.03599999999,-0.03
002108.SZ,20181224,4.42,4.49,4.42,4.48,4.44,0.04,0.9009,92062.65,41080.689,-0.02
002108.SZ,20181225,4.42,4.43,4.14,4.34,4.48,-0.14,-3.125,221745.81,94761.23599999999,-0.0
002108.SZ,20181226,4.34,4.37,4.25,4.27,4.34,-0.07,-1.6129,101018.67,43487.111,0.01
002108.SZ,20181227,4.36,4.39,4.2,4.2,4.27,-0.07,-1.6393,111052.46,47778.72,0.0
002108.SZ,20181228,4.23,4.28,4.16,4.21,4.2,0.01,0.2381,88291.28,37261.871,-0.01
002108.SZ,20190102,4.25,4.32,4.24,4.26,4.21,0.05,1.1876,101759.3,43560.395,-0.04
002108.SZ,20190103,4.3,4.32,4.23,4.25,4.26,-0.01,-0.2347,91499.43,39129.998,-0.06
002108.SZ,20190104,4.15,4.42,4.1,4.37,4.25,0.12,2.8235,154579.94,66496.951,-0.05
002108.SZ,20190107,4.44,4.47,4.36,4.47,4.37,0.1,2.2883,137732.56,61002.732,-0.05
002108.SZ,20190108,4.47,4.52,4.41,4.44,4.47,-0.03,-0.6711,116745.38,52019.722,-0.04
002108.SZ,20190109,4.43,4.51,4.41,4.41,4.44,-0.03,-0.6757,164772.56,73522.064,-0.01
002108.SZ,20190110,4.43,4.46,4.38,4.4,4.41,-0.01,-0.2268,115833.96,51200.71400000001,0.01
002108.SZ,20190111,4.42,4.43,4.36,4.42,4.4,0.02,0.4545,121813.35,53587.049000000006,-0.0
002108.SZ,20190114,4.44,4.49,4.41,4.41,4.42,-0.01,-0.2262,106649.58,47358.112,0.1
002108.SZ,20190115,4.45,4.56,4.42,4.5,4.41,0.09,2.0408,158960.49,71366.41,0.08
002108.SZ,20190116,4.45,4.58,4.43,4.5,4.5,0.0,0.0,189617.64,85331.73300000001,0.07
002108.SZ,20190117,4.48,4.48,4.39,4.4,4.5,-0.1,-2.2222,124818.42,55223.888,0.07
002108.SZ,20190118,4.39,4.45,4.39,4.41,4.4,0.01,0.2273,89863.14,39728.192,0.06
002108.SZ,20190121,4.43,4.46,4.39,4.4,4.41,-0.01,-0.2268,89336.55,39519.832,0.12
002108.SZ,20190122,4.41,4.41,4.27,4.3,4.4,-0.1,-2.2727,111017.79,48085.278,0.16
002108.SZ,20190123,4.28,4.4,4.27,4.38,4.3,0.08,1.8605,111657.22,48645.617999999995,0.12
002108.SZ,20190124,4.37,4.38,4.31,4.33,4.38,-0.05,-1.1416,92411.88,40166.097,0.13
002108.SZ,20190125,4.38,4.42,4.33,4.33,4.33,0.0,0.0,111228.43,48663.835999999996,0.18
002108.SZ,20190128,4.35,4.38,4.21,4.21,4.33,-0.12,-2.7714,126277.42,53948.876,0.23
002108.SZ,20190129,4.19,4.23,4.12,4.18,4.21,-0.03,-0.7126,76380.66,31847.452999999998,0.26
002108.SZ,20190130,4.18,4.18,4.08,4.1,4.18,-0.08,-1.9139,81200.54,33569.668,0.29
002108.SZ,20190131,4.07,4.11,3.99,4.01,4.1,-0.09,-2.1951,90716.73,36794.637,0.4
002108.SZ,20190201,4.04,4.14,4.04,4.13,4.01,0.12,2.9925,72267.12,29642.159,0.24
002108.SZ,20190211,4.15,4.23,4.11,4.23,4.13,0.1,2.4213,86095.02,36042.248999999996,0.26
002108.SZ,20190212,4.22,4.3,4.2,4.26,4.23,0.03,0.7092,98315.76,41896.218,0.28
002108.SZ,20190213,4.26,4.4,4.24,4.37,4.26,0.11,2.5822,176412.89,76540.86099999999,0.25
002108.SZ,20190214,4.39,4.44,4.35,4.44,4.37,0.07,1.6018,173269.02,76166.617,0.18
002108.SZ,20190215,4.41,4.48,4.37,4.41,4.44,-0.03,-0.6757,191755.52,84999.86099999999,0.2
002108.SZ,20190218,4.6,4.85,4.51,4.85,4.41,0.44,9.9773,339153.79,160144.25699999998,0.11
002108.SZ,20190219,4.95,5.05,4.75,4.86,4.85,0.01,0.2062,755071.58,371013.552,0.13
002108.SZ,20190220,4.8,4.93,4.72,4.82,4.86,-0.04,-0.823,362526.32,174612.68,0.11
002108.SZ,20190221,4.79,4.82,4.68,4.69,4.82,-0.13,-2.6971,384849.32,182510.552,0.15
002108.SZ,20190222,4.65,4.72,4.63,4.69,4.69,0.0,0.0,319331.91,149467.108,0.17
002108.SZ,20190225,4.75,4.95,4.73,4.93,4.69,0.24,5.1173,599183.69,290747.874,0.06
002108.SZ,20190226,4.97,5.2,4.87,4.98,4.93,0.05,1.0142,701623.62,353808.374,0.01
002108.SZ,20190227,4.98,5.07,4.85,4.91,4.98,-0.07,-1.4056,441866.65,219592.518,0.01
002108.SZ,20190228,4.88,4.97,4.86,4.91,4.91,0.0,0.0,223149.97,109681.162,-0.01
002108.SZ,20190301,4.95,5.38,4.9,5.12,4.91,0.21,4.277,527728.23,271164.493,-0.02
002108.SZ,20190304,5.14,5.3,5.05,5.17,5.12,0.05,0.9766,639196.3,330228.395,0.01
002108.SZ,20190305,5.18,5.25,5.14,5.25,5.17,0.08,1.5474,427601.05,222060.77399999998,0.0
002108.SZ,20190306,5.28,5.33,5.18,5.29,5.25,0.04,0.7619,561006.37,294054.896,0.0
002108.SZ,20190307,5.27,5.82,5.19,5.61,5.29,0.32,6.0491,949984.09,519373.07200000004,-0.05
002108.SZ,20190308,5.44,5.55,5.12,5.13,5.61,-0.48,-8.5561,669400.28,359990.715,0.04
002108.SZ,20190311,5.16,5.39,5.11,5.33,5.13,0.2,3.8986,494027.33,260419.069,-0.01
002108.SZ,20190312,5.4,5.55,5.32,5.44,5.33,0.11,2.0638,560421.41,305039.757,-0.02
002108.SZ,20190313,5.51,5.78,5.42,5.48,5.44,0.04,0.7353,676308.58,377545.737,-0.05
002108.SZ,20190314,5.48,5.51,5.11,5.23,5.48,-0.25,-4.562,427048.99,225474.553,-0.02
002108.SZ,20190315,5.28,5.37,5.16,5.28,5.23,0.05,0.956,320397.87,168867.928,-0.03
002108.SZ,20190318,5.29,5.38,5.22,5.36,5.28,0.08,1.5152,314008.39,166518.601,-0.03
002108.SZ,20190319,5.36,5.63,5.31,5.5,5.36,0.14,2.6119,505595.51,274915.965,-0.03
002108.SZ,20190320,5.48,5.48,5.28,5.37,5.5,-0.13,-2.3636,356980.49,191429.702,-0.02
002108.SZ,20190321,5.38,5.44,5.33,5.38,5.37,0.01,0.1862,305343.62,164488.156,-0.01
002108.SZ,20190322,5.38,5.57,5.26,5.49,5.38,0.11,2.0446,508571.71,276550.053,-0.01
002108.SZ,20190325,5.25,5.36,5.2,5.25,5.49,-0.24,-4.3716,412027.93,218047.954,-0.02
002108.SZ,20190326,5.25,5.31,5.0,5.03,5.25,-0.22,-4.1905,334886.87,172083.915,0.04
002108.SZ,20190327,5.05,5.11,4.86,4.95,5.03,-0.08,-1.5905,250604.5,124268.67199999999,-0.0
002108.SZ,20190328,4.92,4.97,4.86,4.86,4.95,-0.09,-1.8182,155436.11,76294.292,-0.0
002108.SZ,20190329,4.9,5.03,4.83,5.03,4.86,0.17,3.4979,267473.33,132420.31,-0.1
002108.SZ,20190401,5.05,5.23,5.05,5.2,5.03,0.17,3.3797,299992.31,155000.073,-0.12
002108.SZ,20190402,5.22,5.44,5.18,5.27,5.2,0.07,1.3462,422617.72,223405.621,-0.2
002108.SZ,20190403,5.22,5.31,5.17,5.3,5.27,0.03,0.5693,268035.88,141051.548,-0.19
002108.SZ,20190404,5.32,5.38,5.25,5.34,5.3,0.04,0.7547,379023.84,201925.87699999998,-0.2
002108.SZ,20190408,5.4,5.5,5.18,5.36,5.34,0.02,0.3745,467838.11,250877.363,-0.21
002108.SZ,20190409,5.31,5.34,5.23,5.29,5.36,-0.07,-1.306,260679.53,137596.751,-0.17
002108.SZ,20190410,5.26,5.37,5.2,5.34,5.29,0.05,0.9452,275219.48,145446.45,-0.19
002108.SZ,20190411,5.35,5.36,5.11,5.18,5.34,-0.16,-2.9963,264727.05,138775.284,-0.18
002108.SZ,20190412,5.18,5.21,5.1,5.15,5.18,-0.03,-0.5792,144936.04,74759.034,-0.16
002108.SZ,20190415,5.21,5.27,5.11,5.11,5.15,-0.04,-0.7767,173450.0,90347.879,-0.14
002108.SZ,20190416,5.11,5.22,5.02,5.22,5.11,0.11,2.1526,193764.31,99316.81199999999,-0.2
002108.SZ,20190417,5.23,5.39,5.19,5.32,5.22,0.1,1.9157,367187.62,194879.348,-0.21
002108.SZ,20190418,5.34,5.35,5.23,5.26,5.32,-0.06,-1.1278,215820.04,114050.337,-0.18
002108.SZ,20190419,5.25,5.38,5.18,5.35,5.26,0.09,1.7109999999999999,313858.29,166189.584,-0.21
002108.SZ,20190422,5.37,5.44,5.31,5.44,5.35,0.09,1.6822,446706.38,240340.417,-0.23
002108.SZ,20190423,5.43,5.43,5.17,5.17,5.44,-0.27,-4.9632,373402.94,197333.794,-0.2
002108.SZ,20190424,5.17,5.23,5.08,5.23,5.17,0.06,1.1605,194260.39,100394.415,-0.18
002108.SZ,20190425,5.2,5.21,4.91,4.93,5.23,-0.3,-5.7361,286496.21,144493.725,-0.14
002108.SZ,20190426,4.94,4.97,4.83,4.84,4.93,-0.09,-1.8256,181338.04,88280.98,-0.12
002108.SZ,20190429,4.84,4.87,4.49,4.55,4.84,-0.29,-5.9917,224608.56,104461.65400000001,-0.05
002108.SZ,20190430,4.56,4.69,4.55,4.6,4.55,0.05,1.0989,105415.07,48871.955,-0.07
002108.SZ,20190506,4.49,4.5,4.15,4.24,4.6,-0.36,-7.8261,199335.33,86392.163,0.0
002108.SZ,20190507,4.32,4.35,4.21,4.31,4.24,0.07,1.6509,110035.8,47140.267,-0.03
002108.SZ,20190508,4.21,4.35,4.19,4.27,4.31,-0.04,-0.9281,77385.98,33206.134,-0.02
002108.SZ,20190509,4.22,4.28,4.22,4.24,4.27,-0.03,-0.7026,68359.98,29057.752999999997,-0.06
002108.SZ,20190510,4.27,4.4,4.2,4.38,4.24,0.14,3.3019,145217.9,62783.703,-0.1
002108.SZ,20190513,4.35,4.35,4.28,4.32,4.38,-0.06,-1.3699,72818.81,31472.752,-0.06
002108.SZ,20190514,4.26,4.32,4.21,4.26,4.32,-0.06,-1.3889,66057.44,28287.252999999997,-0.06
002108.SZ,20190515,4.29,4.36,4.28,4.34,4.26,0.08,1.8779,77998.32,33708.744,-0.08
002108.SZ,20190516,4.34,4.42,4.32,4.39,4.34,0.05,1.1521,98613.16,43205.402,-0.1
002108.SZ,20190517,4.38,4.4,4.17,4.2,4.39,-0.19,-4.328,118458.89,50741.02099999999,-0.07
002108.SZ,20190520,4.21,4.23,4.11,4.21,4.2,0.01,0.2381,66668.55,27771.952999999998,-0.07
002108.SZ,20190521,4.21,4.31,4.2,4.29,4.21,0.08,1.9002,85141.43,36368.469,-0.08
002108.SZ,20190522,4.29,4.31,4.21,4.24,4.29,-0.05,-1.1655,61667.97,26234.952,-0.06
002108.SZ,20190523,4.23,4.25,4.15,4.17,4.24,-0.07,-1.6509,59305.0,24891.122000000003,-0.03
002108.SZ,20190524,4.18,4.21,4.16,4.16,4.17,-0.01,-0.2398,45001.94,18786.708,-0.04
002108.SZ,20190527,4.22,4.3,4.17,4.3,4.16,0.14,3.3654,77363.41,32918.837,-0.09
002108.SZ,20190528,4.31,4.33,4.25,4.26,4.3,-0.04,-0.9302,66662.78,28607.47,-0.08
002108.SZ,20190529,4.26,4.32,4.26,4.28,4.26,0.02,0.4695,70053.42,30069.631,-0.08
002108.SZ,20190530,4.26,4.3,4.22,4.3,4.28,0.02,0.4673,57494.17,24482.081000000002,-0.09
002108.SZ,20190531,4.3,4.33,4.25,4.27,4.3,-0.03,-0.6977,62908.1,26960.167,-0.07
002108.SZ,20190603,4.26,4.3,4.22,4.24,4.27,-0.03,-0.7026,53555.57,22793.414,-0.05
002108.SZ,20190604,4.25,4.26,4.17,4.18,4.24,-0.06,-1.4151,48418.55,20333.86,-0.06
002108.SZ,20190605,4.22,4.24,4.18,4.18,4.18,0.0,0.0,46482.58,19536.959,-0.05
002108.SZ,20190606,4.12,4.12,3.95,3.98,4.08,-0.1,-2.451,88856.08,35695.337999999996,0.0
002108.SZ,20190610,3.97,4.01,3.93,3.96,3.98,-0.02,-0.5025,61063.99,24256.057999999997,-0.02
002108.SZ,20190611,3.97,4.07,3.94,4.06,3.96,0.1,2.5253,97478.68,39186.951,-0.05
002108.SZ,20190612,4.06,4.07,4.0,4.0,4.06,-0.06,-1.4778,85445.49,34495.753,-0.05
002108.SZ,20190613,4.02,4.04,3.96,4.01,4.0,0.01,0.25,75110.67,30044.395,-0.06
002108.SZ,20190614,4.0,4.01,3.92,3.93,4.01,-0.08,-1.995,82330.41,32665.334,-0.04
002108.SZ,20190617,3.92,3.97,3.9,3.91,3.93,-0.02,-0.5089,54610.51,21462.445,-0.02
002108.SZ,20190618,3.91,3.93,3.89,3.91,3.91,0.0,0.0,40017.18,15644.157,-0.02
002108.SZ,20190619,4.0,4.05,3.92,3.94,3.91,0.03,0.7673,63667.16,25236.499,0.01
002108.SZ,20190620,3.95,4.02,3.92,4.0,3.94,0.06,1.5228,100293.67,39842.143,-0.03
002108.SZ,20190621,4.03,4.07,4.01,4.04,4.0,0.04,1.0,125959.01,50854.168,-0.04
002108.SZ,20190624,4.03,4.06,3.99,3.99,4.04,-0.05,-1.2376,75333.27,30199.462000000003,-0.05
002108.SZ,20190625,3.99,4.01,3.89,3.93,3.99,-0.06,-1.5038,102901.9,40486.152,-0.04
002108.SZ,20190626,3.92,3.95,3.9,3.91,3.93,-0.02,-0.5089,70797.81,27758.929,-0.02
002108.SZ,20190627,3.92,3.97,3.92,3.93,3.91,0.02,0.5115,70149.95,27650.63,-0.03
002108.SZ,20190628,3.93,3.94,3.84,3.9,3.93,-0.03,-0.7634,87847.36,34141.834,-0.02
002108.SZ,20190701,3.96,4.0,3.92,3.99,3.9,0.09,2.3077,122816.76,48689.997,-0.05
002108.SZ,20190702,3.98,4.06,3.97,4.01,3.99,0.02,0.5013,106088.58,42622.163,-0.04
002108.SZ,20190703,3.99,4.02,3.93,3.93,4.01,-0.08,-1.995,65694.39,25999.549,-0.04
002108.SZ,20190704,3.94,4.02,3.94,3.99,3.93,0.06,1.5267,86308.25,34371.992999999995,-0.05
002108.SZ,20190705,4.01,4.01,3.96,3.99,3.99,0.0,0.0,47601.46,18952.107,-0.07
002108.SZ,20190708,4.0,4.0,3.87,3.88,3.99,-0.11,-2.7569,89248.55,34867.136,-0.05
002108.SZ,20190709,3.92,3.92,3.83,3.87,3.88,-0.01,-0.2577,55640.09,21473.045,-0.1
002108.SZ,20190710,3.87,3.87,3.78,3.81,3.87,-0.06,-1.5504,71962.57,27460.817000000003,-0.09
002108.SZ,20190711,3.82,3.85,3.78,3.78,3.81,-0.03,-0.7874,53805.76,20494.634,-0.07
002108.SZ,20190712,3.76,3.8,3.76,3.76,3.78,-0.02,-0.5291,58800.37,22211.832000000002,-0.09
002108.SZ,20190715,3.79,3.84,3.74,3.83,3.76,0.07,1.8617,71118.27,27004.396,-0.09
002108.SZ,20190716,3.81,3.85,3.81,3.83,3.83,0.0,0.0,44983.62,17222.083,-0.1
002108.SZ,20190717,3.82,4.18,3.82,3.98,3.83,0.15,3.9164,191415.65,76506.108,-0.13
002108.SZ,20190718,3.9,3.95,3.88,3.89,3.98,-0.09,-2.2613,82231.08,32090.624,-0.11
002108.SZ,20190719,3.88,3.93,3.87,3.88,3.89,-0.01,-0.2571,65929.88,25714.105,-0.11
002108.SZ,20190722,3.92,3.92,3.75,3.78,3.88,-0.1,-2.5773,69672.67,26469.225,-0.07
002108.SZ,20190723,3.78,3.8,3.76,3.79,3.78,0.01,0.2646,51862.93,19584.964,-0.07
002108.SZ,20190724,3.91,3.91,3.83,3.84,3.79,0.05,1.3193,62152.03,23982.799,-0.09
002108.SZ,20190725,3.85,3.86,3.81,3.82,3.84,-0.02,-0.5208,50789.9,19434.493000000002,-0.08
002108.SZ,20190726,3.8,3.84,3.8,3.82,3.82,0.0,0.0,37146.98,14171.561000000002,-0.09
002108.SZ,20190729,3.83,3.84,3.78,3.79,3.82,-0.03,-0.7853,42291.13,16098.989,-0.09
002108.SZ,20190730,3.79,3.84,3.79,3.83,3.79,0.04,1.0554,40674.41,15545.776000000002,-0.09
002108.SZ,20190731,3.83,3.83,3.76,3.78,3.83,-0.05,-1.3055,47276.68,17888.004,-0.07
002108.SZ,20190801,3.79,3.86,3.76,3.8,3.78,0.02,0.5291,80643.96,30783.971,-0.07
002108.SZ,20190802,3.74,3.75,3.7,3.72,3.8,-0.08,-2.1053,79109.42,29464.891,-0.07
002108.SZ,20190805,3.69,3.73,3.65,3.67,3.72,-0.05,-1.3441,59493.21,21991.642000000003,-0.02
002108.SZ,20190806,3.61,3.63,3.38,3.48,3.67,-0.19,-5.1771,141344.68,49324.167,0.03
002108.SZ,20190807,3.5,3.53,3.46,3.46,3.48,-0.02,-0.5747,46694.03,16309.386,0.04
002108.SZ,20190808,3.5,3.59,3.46,3.5,3.46,0.04,1.1561,92574.64,32569.537999999997,0.03
002108.SZ,20190809,3.53,3.56,3.41,3.43,3.5,-0.07,-2.0,58811.21,20394.703,0.05
002108.SZ,20190812,3.43,3.48,3.42,3.48,3.43,0.05,1.4577,39066.5,13471.177,0.06
002108.SZ,20190813,3.43,3.46,3.42,3.44,3.48,-0.04,-1.1494,35991.57,12352.6,0.09
002108.SZ,20190814,3.48,3.51,3.45,3.46,3.44,0.02,0.5814,57925.83,20139.913,0.08
002108.SZ,20190815,3.4,3.47,3.37,3.47,3.46,0.01,0.289,79861.0,27230.375,0.07
002108.SZ,20190816,3.45,3.49,3.43,3.45,3.47,-0.02,-0.5764,45261.95,15667.761,0.09
002108.SZ,20190819,3.46,3.55,3.46,3.53,3.45,0.08,2.3188,72707.09,25506.77,0.03
002108.SZ,20190820,3.52,3.56,3.49,3.51,3.53,-0.02,-0.5666,68475.8,24139.666,0.03
002108.SZ,20190821,3.51,3.53,3.49,3.5,3.51,-0.01,-0.2849,44689.65,15668.263,0.04
002108.SZ,20190822,3.51,3.54,3.49,3.52,3.5,0.02,0.5714,54999.59,19342.942,0.03
002108.SZ,20190823,3.53,3.53,3.48,3.49,3.52,-0.03,-0.8523,54108.38,18971.592,0.02
002108.SZ,20190826,3.39,3.44,3.38,3.43,3.49,-0.06,-1.7192,54550.04,18674.9,0.03
002108.SZ,20190827,3.45,3.51,3.44,3.49,3.43,0.06,1.7493,72837.74,25360.119,0.0
002108.SZ,20190828,3.5,3.58,3.49,3.53,3.49,0.04,1.1461,93546.78,33035.171,-0.03
002108.SZ,20190829,3.52,3.55,3.51,3.52,3.53,-0.01,-0.2833,78740.31,27780.043999999998,-0.03
002108.SZ,20190830,3.54,3.57,3.46,3.46,3.52,-0.06,-1.7045,90312.49,31780.376,-0.01
002108.SZ,20190902,3.47,3.58,3.47,3.58,3.46,0.12,3.4682,126523.34,44782.052,-0.05
002108.SZ,20190903,3.61,3.66,3.58,3.59,3.58,0.01,0.2793,118758.41,42972.126,-0.05
002108.SZ,20190904,3.59,3.64,3.55,3.6,3.59,0.01,0.2786,121163.51,43495.627,-0.02
002108.SZ,20190905,3.63,3.68,3.6,3.61,3.6,0.01,0.2778,147822.74,53800.174000000006,-0.03
002108.SZ,20190906,3.62,3.63,3.58,3.6,3.61,-0.01,-0.27699999999999997,70931.32,25577.987,-0.02
002108.SZ,20190909,3.64,3.69,3.61,3.68,3.6,0.08,2.2222,124628.05,45550.439000000006,-0.05
002108.SZ,20190910,3.69,3.77,3.64,3.76,3.68,0.08,2.1739,155849.97,58123.570999999996,-0.08
002108.SZ,20190911,3.77,3.78,3.71,3.72,3.76,-0.04,-1.0638,119549.27,44664.303,-0.08
002108.SZ,20190912,3.72,3.74,3.69,3.73,3.72,0.01,0.2688,72571.87,26996.995,-0.09
002108.SZ,20190916,3.74,3.8,3.73,3.76,3.73,0.03,0.8043,130373.47,49121.362,-0.09
002108.SZ,20190917,3.75,3.77,3.63,3.64,3.76,-0.12,-3.1915,112163.48,41306.795,-0.06
002108.SZ,20190918,3.65,3.68,3.62,3.63,3.64,-0.01,-0.2747,53448.58,19481.3,-0.06
002108.SZ,20190919,3.65,3.66,3.56,3.63,3.63,0.0,0.0,88262.45,31781.766,-0.04
002108.SZ,20190920,3.63,3.64,3.6,3.62,3.63,-0.01,-0.2755,62648.42,22659.202999999998,-0.04
002108.SZ,20190923,3.62,3.62,3.5,3.55,3.62,-0.07,-1.9337,78934.54,27974.822999999997,-0.01
002108.SZ,20190924,3.55,3.59,3.51,3.55,3.55,0.0,0.0,61224.75,21785.589,-0.03
002108.SZ,20190925,3.53,3.55,3.5,3.5,3.55,-0.05,-1.4085,69414.37,24396.068,-0.01
002108.SZ,20190926,3.52,3.52,3.42,3.42,3.5,-0.08,-2.2857,75893.34,26188.062,-0.01
002108.SZ,20190927,3.43,3.45,3.42,3.43,3.42,0.01,0.2924,51465.17,17681.863,-0.01
002108.SZ,20190930,3.44,3.45,3.4,3.41,3.43,-0.02,-0.5831,51658.05,17664.905,-0.01
002108.SZ,20191008,3.41,3.43,3.38,3.39,3.41,-0.02,-0.5865,53027.76,18056.126,0.01
002108.SZ,20191009,3.38,3.42,3.36,3.41,3.39,0.02,0.59,43302.22,14681.792,0.0
002108.SZ,20191010,3.43,3.6,3.41,3.52,3.41,0.11,3.2258,144759.35,51130.577000000005,-0.03
002108.SZ,20191011,3.51,3.54,3.47,3.5,3.52,-0.02,-0.5682,71466.36,25044.217999999997,-0.03
002108.SZ,20191014,3.53,3.55,3.5,3.54,3.5,0.04,1.1429,81189.51,28681.317000000003,-0.06
002108.SZ,20191015,3.53,3.54,3.49,3.49,3.54,-0.05,-1.4124,43630.43,15273.348,-0.07
002108.SZ,20191016,3.5,3.53,3.47,3.47,3.49,-0.02,-0.5731,53299.73,18598.307,-0.08
002108.SZ,20191017,3.47,3.49,3.43,3.43,3.47,-0.04,-1.1527,38103.01,13181.413999999999,-0.07
002108.SZ,20191018,3.45,3.46,3.38,3.39,3.43,-0.04,-1.1662,65960.4,22544.168999999998,-0.06
002108.SZ,20191021,3.4,3.44,3.35,3.43,3.39,0.04,1.1799,50257.13,17005.699,-0.06
002108.SZ,20191022,3.44,3.44,3.38,3.41,3.43,-0.02,-0.5831,43877.19,14939.37,-0.06
002108.SZ,20191023,3.41,3.44,3.38,3.43,3.41,0.02,0.5865,43045.67,14649.303999999998,-0.07
002108.SZ,20191024,3.42,3.6,3.39,3.48,3.43,0.05,1.4577,137940.56,48276.530999999995,-0.08
002108.SZ,20191025,3.45,3.48,3.41,3.48,3.48,0.0,0.0,68581.88,23645.603,-0.08
002108.SZ,20191028,3.48,3.51,3.47,3.5,3.48,0.02,0.5747,80945.58,28293.023999999998,0.01
002108.SZ,20191029,3.5,3.52,3.45,3.46,3.5,-0.04,-1.1429,51922.46,18061.695,0.12
002108.SZ,20191030,3.43,3.49,3.4,3.48,3.46,0.02,0.578,77967.52,26743.168999999998,0.09
002108.SZ,20191031,3.48,3.48,3.39,3.4,3.48,-0.08,-2.2989,47307.82,16204.423999999999,0.06
002108.SZ,20191101,3.4,3.43,3.37,3.39,3.4,-0.01,-0.2941,48858.73,16607.593,0.05
002108.SZ,20191104,3.4,3.42,3.37,3.37,3.39,-0.02,-0.59,49914.97,16945.648999999998,0.08
002108.SZ,20191105,3.39,3.41,3.38,3.41,3.37,0.04,1.1869,43905.82,14892.491000000002,0.06
002108.SZ,20191106,3.41,3.48,3.4,3.42,3.41,0.01,0.2933,90916.1,31312.977000000003,0.04
002108.SZ,20191107,3.39,3.41,3.38,3.4,3.42,-0.02,-0.5848,50854.48,17271.486,0.06
002108.SZ,20191108,3.42,3.43,3.38,3.39,3.4,-0.01,-0.2941,40339.64,13704.643,0.06
002108.SZ,20191111,3.38,3.38,3.3,3.31,3.39,-0.08,-2.3599,61886.73,20696.012,0.12
002108.SZ,20191112,3.3,3.31,3.17,3.23,3.31,-0.08,-2.4169,106296.71,34279.547,0.14
002108.SZ,20191113,3.24,3.24,3.18,3.19,3.23,-0.04,-1.2384,37666.72,12040.223999999998,0.13
002108.SZ,20191114,3.2,3.2,3.15,3.18,3.19,-0.01,-0.3135,46585.65,14806.536,0.12
002108.SZ,20191115,3.17,3.19,3.16,3.17,3.18,-0.01,-0.3145,28827.33,9161.587,0.14
002108.SZ,20191118,3.16,3.22,3.15,3.21,3.17,0.04,1.2618,33708.51,10769.155,0.14
002108.SZ,20191119,3.21,3.24,3.2,3.22,3.21,0.01,0.3115,63951.21,20578.166,0.15
002108.SZ,20191120,3.21,3.21,3.17,3.18,3.22,-0.04,-1.2422,48885.75,15576.198999999999,0.17
002108.SZ,20191121,3.18,3.21,3.14,3.19,3.18,0.01,0.3145,38461.31,12222.377,0.16
002108.SZ,20191122,3.18,3.36,3.18,3.21,3.19,0.02,0.627,92777.78,30057.05,0.13
002108.SZ,20191125,3.2,3.53,3.2,3.53,3.21,0.32,9.9688,359026.28,123511.23199999999,0.01
002108.SZ,20191126,3.64,3.88,3.55,3.88,3.53,0.35,9.915,950319.33,350453.823,-0.04
002108.SZ,20191127,3.78,4.08,3.68,3.78,3.88,-0.1,-2.5773,1207300.18,464168.76200000005,-0.03
002108.SZ,20191128,3.77,3.86,3.55,3.61,3.78,-0.17,-4.4974,762819.87,282314.019,0.07
002108.SZ,20191129,3.61,3.64,3.49,3.55,3.61,-0.06,-1.662,458440.91,162815.696,0.06
002108.SZ,20191202,3.58,3.66,3.53,3.63,3.55,0.08,2.2535,530622.03,190829.29100000003,0.04
002108.SZ,20191203,3.57,3.63,3.52,3.61,3.63,-0.02,-0.551,338571.34,121086.472,0.08
002108.SZ,20191204,3.57,3.68,3.54,3.54,3.61,-0.07,-1.9391,393617.31,141683.55599999998,0.12
002108.SZ,20191205,3.53,3.64,3.5,3.61,3.54,0.07,1.9774,399688.8,142850.797,0.08
002108.SZ,20191206,3.58,3.6,3.52,3.6,3.61,-0.01,-0.27699999999999997,281468.57,100398.216,0.19
002108.SZ,20191209,3.56,3.73,3.55,3.72,3.6,0.12,3.3333,510117.09,186480.927,0.14
002108.SZ,20191210,3.67,3.77,3.65,3.69,3.72,-0.03,-0.8065,369433.36,136319.501,0.17
002108.SZ,20191211,3.7,3.76,3.6,3.6,3.69,-0.09,-2.439,343282.05,126197.07699999999,0.21
002108.SZ,20191212,3.58,3.61,3.53,3.56,3.6,-0.04,-1.1111,226144.88,80530.757,0.17
002108.SZ,20191213,3.57,3.62,3.55,3.6,3.56,0.04,1.1236,220924.38,79235.157,0.17
002108.SZ,20191216,3.62,3.68,3.58,3.65,3.6,0.05,1.3889,245121.38,89162.737,0.17
002108.SZ,20191217,3.65,3.84,3.64,3.7,3.65,0.05,1.3699,449419.87,167507.82,0.12
002108.SZ,20191218,3.69,3.74,3.66,3.71,3.7,0.01,0.2703,330623.3,122065.99699999999,0.1
002108.SZ,20191219,3.73,3.75,3.66,3.71,3.71,0.0,0.0,274476.25,101631.55699999999,0.08
002108.SZ,20191220,3.71,3.78,3.63,3.63,3.71,-0.08,-2.1563,226855.08,84021.105,0.12
002108.SZ,20191223,3.61,3.68,3.55,3.56,3.63,-0.07,-1.9284,167475.52,60544.157,0.13
002108.SZ,20191224,3.54,3.75,3.54,3.73,3.56,0.17,4.7753,403521.98,148960.332,0.06
002108.SZ,20191225,3.71,3.75,3.62,3.67,3.73,-0.06,-1.6086,306432.64,112769.51199999999,0.02
002108.SZ,20191226,3.68,3.97,3.66,3.85,3.67,0.18,4.9046,552493.06,211350.19,-0.13
002108.SZ,20191227,3.86,3.93,3.75,3.78,3.85,-0.07,-1.8182,463569.75,178800.233,-0.13
002108.SZ,20191230,3.75,3.84,3.73,3.78,3.78,0.0,0.0,312418.55,118174.93800000001,-0.11
002108.SZ,20191231,3.8,3.95,3.77,3.91,3.78,0.13,3.4392,489803.15,189979.16199999998,-0.14
002108.SZ,20200102,3.93,3.97,3.88,3.95,3.91,0.04,1.023,407061.96,159967.00400000002,-0.14
002108.SZ,20200103,3.92,4.02,3.88,3.89,3.95,-0.06,-1.5190000000000001,371168.29,146005.97199999998,-0.09
002108.SZ,20200106,3.87,4.28,3.82,4.28,3.89,0.39,10.0257,622754.88,256418.706,-0.19
002108.SZ,20200107,4.32,4.48,4.2,4.24,4.28,-0.04,-0.9346,1099800.1,475780.919,-0.1
002108.SZ,20200108,4.22,4.47,4.15,4.33,4.24,0.09,2.1226,896510.71,387749.343,-0.09
002108.SZ,20200109,4.35,4.43,4.29,4.34,4.33,0.01,0.2309,560791.36,243958.95899999997,-0.12
002108.SZ,20200110,4.3,4.32,4.15,4.17,4.34,-0.17,-3.9171,451949.78,189966.24300000002,-0.05
002108.SZ,20200113,4.2,4.23,4.13,4.22,4.17,0.05,1.199,260337.51,109191.48,-0.05
002108.SZ,20200114,4.28,4.39,4.22,4.27,4.22,0.05,1.1848,481700.7,208178.23100000003,-0.07
002108.SZ,20200115,4.24,4.31,4.13,4.16,4.27,-0.11,-2.5761,328897.65,137543.147,-0.01
002108.SZ,20200116,4.17,4.19,4.04,4.07,4.16,-0.09,-2.1635,297375.78,121858.371,0.0
002108.SZ,20200117,4.07,4.09,4.0,4.02,4.07,-0.05,-1.2285,212622.28,85929.186,0.02
002108.SZ,20200120,4.04,4.08,4.0,4.07,4.02,0.05,1.2438,195542.28,79120.606,0.05
002108.SZ,20200121,4.05,4.11,4.02,4.03,4.07,-0.04,-0.9828,167668.25,67955.895,0.01
002108.SZ,20200122,4.0,4.03,3.88,3.97,4.03,-0.06,-1.4888,255077.28,100772.459,0.01
002108.SZ,20200123,3.92,3.92,3.63,3.73,3.97,-0.24,-6.0453,343059.48,129355.51400000001,-0.01
002108.SZ,20200203,3.36,3.36,3.36,3.36,3.73,-0.37,-9.9196,48373.0,16253.328000000001,0.14
002108.SZ,20200204,3.02,3.41,3.02,3.29,3.36,-0.07,-2.0833,334474.2,109498.752,0.18
002108.SZ,20200205,3.3,3.48,3.3,3.35,3.29,0.06,1.8237,321253.21,108727.632,0.17
002108.SZ,20200206,3.27,3.41,3.27,3.38,3.35,0.03,0.8955,306824.7,103373.595,0.19
002108.SZ,20200207,3.37,3.4,3.3,3.39,3.38,0.01,0.2959,288067.3,96633.963,0.19
002108.SZ,20200210,3.36,3.56,3.33,3.55,3.39,0.16,4.7198,374401.04,129761.49,0.1
002108.SZ,20200211,3.57,3.57,3.45,3.47,3.55,-0.08,-2.2535,232602.66,81089.922,0.14
002108.SZ,20200212,3.47,3.82,3.44,3.82,3.47,0.35,10.0865,648719.45,242168.58899999998,0.01
002108.SZ,20200213,3.85,4.15,3.74,3.93,3.82,0.11,2.8796,1028865.55,408544.156,-0.05
002108.SZ,20200214,3.88,3.96,3.78,3.84,3.93,-0.09,-2.2901,543136.28,209087.96,-0.04
002108.SZ,20200217,3.78,4.0,3.77,3.95,3.84,0.11,2.8646,506420.34,197036.496,-0.11
002108.SZ,20200218,3.9,4.03,3.89,4.0,3.95,0.05,1.2658,475438.8,189140.50199999998,-0.13
002108.SZ,20200219,4.17,4.33,3.98,3.98,4.0,-0.02,-0.5,676257.03,278115.997,-0.14
002108.SZ,20200220,3.98,4.26,3.96,4.12,3.98,0.14,3.5176,636470.51,261656.826,-0.16
002108.SZ,20200221,4.1,4.18,4.03,4.07,4.12,-0.05,-1.2136,546471.59,224336.745,-0.14
002108.SZ,20200224,4.06,4.16,4.05,4.1,4.07,0.03,0.7371,457148.54,187555.582,-0.19
002108.SZ,20200225,3.95,4.3,3.89,4.28,4.1,0.18,4.3902,922249.65,380663.221,-0.2
002108.SZ,20200226,4.18,4.26,4.06,4.09,4.28,-0.19,-4.4393,609951.06,253777.421,-0.15
002108.SZ,20200227,4.11,4.14,3.98,4.01,4.09,-0.08,-1.956,337956.57,136784.987,-0.14
002108.SZ,20200228,3.81,3.92,3.66,3.68,4.01,-0.33,-8.2294,426216.65,161806.645,-0.08
002108.SZ,20200302,3.72,3.87,3.72,3.83,3.68,0.15,4.0761,243376.64,92755.025,-0.13
002108.SZ,20200303,3.91,3.97,3.84,3.88,3.83,0.05,1.3055,270243.6,105769.17300000001,-0.14
002108.SZ,20200304,3.86,3.92,3.8,3.91,3.88,0.03,0.7732,204760.41,79132.157,-0.14
002108.SZ,20200305,3.95,4.06,3.9,4.01,3.91,0.1,2.5575,379950.36,150970.96300000002,-0.16
002108.SZ,20200306,3.95,4.08,3.93,4.02,4.01,0.01,0.2494,312616.05,125931.97099999999,-0.17
002108.SZ,20200309,3.97,4.06,3.9,3.91,4.02,-0.11,-2.7363,305402.14,121744.07,-0.13
002108.SZ,20200310,3.83,3.96,3.74,3.96,3.91,0.05,1.2788,321202.28,123664.06300000001,-0.14
002108.SZ,20200311,3.98,4.01,3.85,3.86,3.96,-0.1,-2.5253,245480.77,96500.623,-0.11
002108.SZ,20200312,3.8,3.83,3.71,3.72,3.86,-0.14,-3.6269,220265.6,82771.492,-0.1
002108.SZ,20200313,3.41,3.73,3.4,3.67,3.72,-0.05,-1.3441,261045.88,93493.31199999999,-0.1
002108.SZ,20200316,3.71,3.74,3.48,3.53,3.67,-0.14,-3.8147,174455.73,62994.454000000005,
002108.SZ,20200317,3.54,3.6,3.36,3.48,3.53,-0.05,-1.4164,162817.51,56485.1,
002108.SZ,20200318,3.53,3.56,3.42,3.42,3.48,-0.06,-1.7241,129859.3,45466.997,
002108.SZ,20200319,3.43,3.48,3.36,3.46,3.42,0.04,1.1696,117916.22,40371.958,
002108.SZ,20200320,3.51,3.53,3.46,3.51,3.46,0.05,1.4451,100181.07,35008.382000000005,
002108.SZ,20200323,3.46,3.46,3.3,3.34,3.51,-0.17,-4.8433,123910.21,42095.633,
002108.SZ,20200324,3.4,3.43,3.32,3.41,3.34,0.07,2.0958,79973.74,27104.642000000003,
002108.SZ,20200325,3.49,3.5,3.45,3.49,3.41,0.08,2.346,109129.38,37966.852999999996,
002108.SZ,20200326,3.49,3.49,3.42,3.44,3.49,-0.05,-1.4327,80806.76,27853.798,
002108.SZ,20200327,3.46,3.48,3.39,3.4,3.44,-0.04,-1.1628,85926.15,29604.412999999997,
002108.SZ,20200330,3.34,3.39,3.3,3.32,3.4,-0.08,-2.3529,81416.5,27106.907000000003,
002108.SZ,20200331,3.38,3.38,3.32,3.33,3.32,0.01,0.3012,54519.26,18196.433,
002108.SZ,20200401,3.34,3.42,3.32,3.35,3.33,0.02,0.6006,104348.23,35109.437999999995,
002108.SZ,20200402,3.32,3.39,3.3,3.38,3.35,0.03,0.8955,83572.45,27934.903,
002108.SZ,20200403,3.38,3.39,3.32,3.33,3.38,-0.05,-1.4793,79653.06,26712.167,
002108.SZ,20200407,3.38,3.41,3.34,3.4,3.33,0.07,2.1021,118491.18,40112.109,
002108.SZ,20200408,3.41,3.43,3.37,3.41,3.4,0.01,0.2941,99672.23,33879.024,
002108.SZ,20200409,3.42,3.44,3.41,3.42,3.41,0.01,0.2933,101027.07,34567.693,
002108.SZ,20200410,3.44,3.44,3.31,3.33,3.42,-0.09,-2.6316,118287.06,39735.678,
002108.SZ,20200413,3.31,3.33,3.28,3.29,3.33,-0.04,-1.2012,69752.18,23064.458,
