,Unnamed: 0,ts_code,trade_date,open,high,low,close,pre_close,change,pct_chg,vol,amount,yield
0,0,603389.SH,20200403,4.23,4.32,4.14,4.16,4.24,-0.08,-1.8868,20471.38,8622.468,
1,1,603389.SH,20200402,4.14,4.24,4.12,4.24,4.16,0.08,1.9231,24199.4,10097.629,
2,2,603389.SH,20200401,4.2,4.28,4.16,4.16,4.22,-0.06,-1.4218,22611.6,9547.116,
3,3,603389.SH,20200331,4.22,4.33,4.22,4.22,4.22,0.0,0.0,14702.8,6251.585,
4,4,603389.SH,20200330,4.38,4.38,4.2,4.22,4.4,-0.18,-4.0909,21956.2,9340.153,
5,5,603389.SH,20200327,4.48,4.54,4.4,4.4,4.43,-0.03,-0.6772,16371.99,7299.729,
6,6,603389.SH,20200326,4.47,4.56,4.43,4.43,4.53,-0.1,-2.2075,21652.2,9731.87,
7,7,603389.SH,20200325,4.5,4.54,4.43,4.53,4.43,0.1,2.2573,27885.8,12520.168,
8,8,603389.SH,20200324,4.35,4.46,4.31,4.43,4.31,0.12,2.7842,23941.68,10546.395,
9,9,603389.SH,20200323,4.43,4.52,4.29,4.31,4.53,-0.22,-4.8565,29028.11,12717.916000000001,
10,10,603389.SH,20200320,4.49,4.55,4.4,4.53,4.44,0.09,2.0269999999999997,28950.1,12977.081,
11,11,603389.SH,20200319,4.47,4.57,4.32,4.44,4.46,-0.02,-0.4484,24480.96,10859.208,
12,12,603389.SH,20200318,4.64,4.73,4.46,4.46,4.6,-0.14,-3.0435,27392.92,12604.361,
13,13,603389.SH,20200317,4.71,4.84,4.46,4.6,4.75,-0.15,-3.1579,32523.8,15010.077,
14,14,603389.SH,20200316,4.9,4.98,4.71,4.75,4.84,-0.09,-1.8595,26464.53,12859.13,
15,15,603389.SH,20200313,4.72,4.92,4.62,4.84,4.93,-0.09,-1.8256,32928.53,15722.078000000001,
16,16,603389.SH,20200312,5.08,5.08,4.87,4.93,5.09,-0.16,-3.1434,31108.0,15366.73,
17,17,603389.SH,20200311,5.09,5.24,5.05,5.09,5.08,0.01,0.1969,33354.33,17185.397,
18,18,603389.SH,20200310,4.76,5.08,4.71,5.08,4.86,0.22,4.5267,38651.25,19159.217,
19,19,603389.SH,20200309,5.07,5.08,4.85,4.86,5.08,-0.22,-4.3307,30901.98,15288.464,
20,20,603389.SH,20200306,5.02,5.12,4.95,5.08,5.09,-0.01,-0.1965,30374.0,15334.738000000001,-0.1811023622047244
21,21,603389.SH,20200305,4.85,5.09,4.85,5.09,4.85,0.24,4.9485,45562.09,22746.245,-0.1669941060903732
22,22,603389.SH,20200304,4.7,4.86,4.7,4.85,4.77,0.08,1.6771,29974.6,14385.473,-0.1422680412371133
23,23,603389.SH,20200303,4.86,4.94,4.69,4.77,4.78,-0.01,-0.2092,39333.9,18891.514,-0.1153039832285115
24,24,603389.SH,20200302,4.64,4.83,4.6,4.78,4.61,0.17,3.6876,30359.6,14501.642,-0.11715481171548127
25,25,603389.SH,20200228,4.84,4.87,4.61,4.61,4.96,-0.35,-7.0565,33991.2,16063.366000000002,-0.045553145336225585
26,26,603389.SH,20200227,5.03,5.04,4.93,4.96,4.99,-0.03,-0.6012,22433.1,11162.721000000001,-0.10685483870967748
27,27,603389.SH,20200226,4.99,5.14,4.96,4.99,4.99,0.0,0.0,28142.14,14204.275,-0.09218436873747494
28,28,603389.SH,20200225,4.99,5.02,4.82,4.99,5.07,-0.08,-1.5779,36717.96,18131.461,-0.11222444889779569
29,29,603389.SH,20200224,5.11,5.14,5.02,5.07,5.14,-0.07,-1.3619,24892.89,12639.167,-0.14990138067061157
30,30,603389.SH,20200221,5.09,5.14,5.04,5.14,5.05,0.09,1.7822,27978.18,14271.048999999999,-0.11867704280155632
31,31,603389.SH,20200220,4.99,5.07,4.86,5.05,4.91,0.14,2.8513,32316.7,16142.296,-0.12079207920792068
32,32,603389.SH,20200219,4.98,5.03,4.9,4.91,4.98,-0.07,-1.4056,28109.3,13916.285,-0.09164969450101837
33,33,603389.SH,20200218,4.81,5.07,4.75,4.98,4.82,0.16,3.3195,39740.5,19694.356,-0.07630522088353428
34,34,603389.SH,20200217,4.66,4.83,4.62,4.82,4.61,0.21,4.5553,31745.79,15144.033000000001,-0.014522821576763543
35,35,603389.SH,20200214,4.57,4.82,4.57,4.61,4.59,0.02,0.4357,35703.73,16755.405,0.04989154013015174
36,36,603389.SH,20200213,4.77,4.78,4.58,4.59,4.72,-0.13,-2.7542,21795.6,10128.174,0.07407407407407404
37,37,603389.SH,20200212,4.64,4.73,4.61,4.72,4.63,0.09,1.9438,21247.89,9943.792,0.0783898305084746
38,38,603389.SH,20200211,4.61,4.66,4.56,4.63,4.61,0.02,0.4338,22699.56,10489.053999999998,0.09719222462203028
39,39,603389.SH,20200210,4.49,4.64,4.48,4.61,4.52,0.09,1.9912,22848.0,10425.767,0.054229934924078085
40,40,603389.SH,20200207,4.46,4.58,4.42,4.52,4.49,0.03,0.6682,22407.0,10080.064,0.12389380530973464
41,41,603389.SH,20200206,4.49,4.5,4.43,4.49,4.46,0.03,0.6726,26456.0,11833.045,0.1336302895322939
42,42,603389.SH,20200205,4.29,4.55,4.29,4.46,4.28,0.18,4.2056,46439.68,20626.534,0.08744394618834074
43,43,603389.SH,20200204,4.09,4.28,4.09,4.28,4.54,-0.26,-5.7269,49616.6,20948.552,0.11448598130841105
44,44,603389.SH,20200203,4.54,4.54,4.54,4.54,5.04,-0.5,-9.9206,6476.0,2940.1040000000003,0.05286343612334806
45,45,603389.SH,20200123,5.24,5.31,4.96,5.04,5.22,-0.18,-3.4483,45487.49,23489.236,-0.08531746031746026
46,46,603389.SH,20200122,5.5,5.5,5.19,5.22,5.77,-0.55,-9.5321,89324.42,47000.117999999995,-0.04980842911877391
47,47,603389.SH,20200121,5.86,5.88,5.77,5.77,5.84,-0.07,-1.1986,18311.0,10618.445,-0.13518197573656834
48,48,603389.SH,20200120,5.86,5.91,5.77,5.84,5.9,-0.06,-1.0169,27606.08,16063.252,-0.1455479452054794
49,49,603389.SH,20200117,6.05,6.08,5.9,5.9,6.05,-0.15,-2.4793,33389.0,19911.423,-0.14067796610169492
50,50,603389.SH,20200116,6.07,6.1,6.02,6.05,6.07,-0.02,-0.3295,19622.2,11874.61,-0.1504132231404959
51,51,603389.SH,20200115,6.1,6.12,6.04,6.07,6.08,-0.01,-0.1645,24736.4,15021.518,-0.16803953871499183
52,52,603389.SH,20200114,6.14,6.15,6.08,6.08,6.12,-0.04,-0.6536,31783.58,19422.683999999997,-0.19243421052631576
53,53,603389.SH,20200113,6.14,6.18,6.06,6.12,6.14,-0.02,-0.3257,30811.46,18798.586,-0.18627450980392152
54,54,603389.SH,20200110,6.21,6.27,6.08,6.14,6.28,-0.14,-2.2293,54706.48,33674.059,-0.21498371335504876
55,55,603389.SH,20200109,6.24,6.37,6.21,6.28,6.26,0.02,0.3195,51701.6,32477.447,-0.2659235668789809
56,56,603389.SH,20200108,6.51,6.59,6.19,6.26,6.66,-0.4,-6.006,108050.89,69162.18,-0.26677316293929715
57,57,603389.SH,20200107,6.7,7.2,6.6,6.66,6.57,0.09,1.3699,178925.09,121882.058,-0.29129129129129133
58,58,603389.SH,20200106,6.57,6.57,6.57,6.57,5.97,0.6,10.0503,23987.8,15759.985,-0.29528158295281587
59,59,603389.SH,20200103,6.04,6.04,5.9,5.97,5.98,-0.01,-0.1672,33224.11,19814.362,-0.22780569514237847
60,60,603389.SH,20200102,5.88,6.03,5.85,5.98,5.84,0.14,2.3973,35752.48,21337.215,-0.24414715719063557
61,61,603389.SH,20191231,5.78,5.87,5.75,5.84,5.79,0.05,0.8636,19764.4,11491.232,-0.2311643835616438
62,62,603389.SH,20191230,5.86,5.86,5.64,5.79,5.83,-0.04,-0.6861,24006.69,13782.48,-0.229706390328152
63,63,603389.SH,20191227,5.81,5.95,5.81,5.83,5.87,-0.04,-0.6814,28067.4,16459.982,-0.26586620926243565
64,64,603389.SH,20191226,5.76,5.87,5.69,5.87,5.76,0.11,1.9097,22766.63,13147.452,-0.22657580919931858
65,65,603389.SH,20191225,5.77,5.82,5.71,5.76,5.75,0.01,0.1739,15488.99,8927.23,-0.12499999999999996
66,66,603389.SH,20191224,5.69,5.78,5.69,5.75,5.68,0.07,1.2324,17336.2,9938.384,-0.0921739130434783
67,67,603389.SH,20191223,5.85,5.85,5.67,5.68,5.85,-0.17,-2.906,31102.74,17896.532,0.015845070422535187
68,68,603389.SH,20191220,5.92,6.03,5.85,5.85,5.91,-0.06,-1.0152,34532.32,20503.488999999998,-0.001709401709401673
69,69,603389.SH,20191219,5.86,5.97,5.84,5.91,5.86,0.05,0.8532,27065.48,15970.45,-0.001692047377326529
70,70,603389.SH,20191218,5.82,5.92,5.8,5.86,5.83,0.03,0.5146,30675.0,17940.991,0.03242320819112619
71,71,603389.SH,20191217,5.74,5.85,5.71,5.83,5.74,0.09,1.5679,35644.2,20656.009,0.041166380789022336
72,72,603389.SH,20191216,5.65,5.74,5.62,5.74,5.65,0.09,1.5929,28003.34,15951.013,0.05923344947735189
73,73,603389.SH,20191213,5.67,5.69,5.59,5.65,5.62,0.03,0.5338,23703.2,13346.497,0.08318584070796456
74,74,603389.SH,20191212,5.66,5.73,5.62,5.62,5.63,-0.01,-0.1776,22622.38,12845.698999999999,0.092526690391459
75,75,603389.SH,20191211,5.68,5.7,5.61,5.63,5.7,-0.07,-1.2281,23837.2,13476.538,0.11545293072824163
76,76,603389.SH,20191210,5.68,5.74,5.65,5.7,5.73,-0.03,-0.5236,24322.4,13833.469,0.09824561403508765
77,77,603389.SH,20191209,5.8,5.83,5.69,5.73,5.79,-0.06,-1.0363,30666.33,17608.825,0.16230366492146592
78,78,603389.SH,20191206,5.75,5.98,5.75,5.79,5.68,0.11,1.9366,49990.13,29084.91,0.13471502590673579
79,79,603389.SH,20191205,5.64,5.75,5.62,5.68,5.73,-0.05,-0.8726,27093.2,15390.941,0.05105633802816902
80,80,603389.SH,20191204,5.62,5.98,5.56,5.73,5.62,0.11,1.9573,49405.73,28176.484,0.04363001745200698
81,81,603389.SH,20191203,5.51,5.63,5.48,5.62,5.57,0.05,0.8977,26698.47,14864.037,0.039145907473309566
82,82,603389.SH,20191202,5.71,5.75,5.54,5.57,5.69,-0.12,-2.109,28351.0,15945.851999999999,0.03949730700179529
83,83,603389.SH,20191129,5.78,5.78,5.64,5.69,5.75,-0.06,-1.0435,21261.8,12099.903999999999,0.02460456942003509
84,84,603389.SH,20191128,5.74,5.82,5.7,5.75,5.74,0.01,0.1742,20679.8,11937.42,0.020869565217391323
85,85,603389.SH,20191127,5.81,5.86,5.68,5.74,5.85,-0.11,-1.8803,29272.8,16832.234,0.0034843205574912146
86,86,603389.SH,20191126,5.87,5.91,5.81,5.85,5.87,-0.02,-0.3407,15710.4,9211.388,-0.017094017094017033
87,87,603389.SH,20191125,6.03,6.07,5.82,5.87,6.03,-0.16,-2.6534,28386.4,16751.048,-0.03236797274275986
88,88,603389.SH,20191122,6.07,6.15,6.0,6.03,6.07,-0.04,-0.659,19890.74,12092.247,-0.029850746268656816
89,89,603389.SH,20191121,6.14,6.14,6.02,6.07,6.16,-0.09,-1.4609999999999999,21595.74,13094.011999999999,-0.026359143327841866
90,90,603389.SH,20191120,6.16,6.22,6.11,6.16,6.17,-0.01,-0.1621,14900.6,9181.559000000001,-0.04870129870129867
91,91,603389.SH,20191119,6.08,6.19,6.08,6.17,6.08,0.09,1.4803,15997.6,9846.916,-0.05510534846029171
92,92,603389.SH,20191118,6.02,6.14,6.01,6.08,6.05,0.03,0.4959,17453.65,10617.241000000002,-0.05592105263157892
93,93,603389.SH,20191115,6.11,6.21,6.0,6.05,6.11,-0.06,-0.982,21378.2,13046.503,-0.06611570247933876
94,94,603389.SH,20191114,6.11,6.18,6.05,6.11,6.09,0.02,0.3284,17477.4,10695.976,-0.08019639934533554
95,95,603389.SH,20191113,6.18,6.24,6.03,6.09,6.2,-0.11,-1.7742,20175.2,12320.086000000001,-0.07553366174055828
96,96,603389.SH,20191112,6.19,6.32,6.12,6.2,6.14,0.06,0.9772,20416.6,12642.132,-0.08064516129032258
97,97,603389.SH,20191111,6.4,6.41,6.11,6.14,6.42,-0.28,-4.3614,25476.1,15832.097,-0.06677524429967414
98,98,603389.SH,20191108,6.55,6.57,6.35,6.42,6.59,-0.17,-2.5797,31224.44,20134.617,-0.09813084112149531
99,99,603389.SH,20191107,6.5,6.79,6.41,6.59,6.49,0.1,1.5408,39920.24,26243.717,-0.13808801213960548
100,100,603389.SH,20191106,6.62,6.62,6.47,6.49,6.57,-0.08,-1.2177,13843.4,9015.132,-0.11710323574730351
101,101,603389.SH,20191105,6.55,6.6,6.45,6.57,6.57,0.0,0.0,20810.96,13626.372,-0.14459665144596653
102,102,603389.SH,20191104,6.45,6.59,6.45,6.57,6.46,0.11,1.7028,22198.24,14542.185,-0.15220700152207
103,103,603389.SH,20191101,6.38,6.51,6.3,6.46,6.32,0.14,2.2152,23595.2,15181.626,-0.11919504643962842
104,104,603389.SH,20191031,6.54,6.57,6.32,6.32,6.55,-0.23,-3.5115,30223.8,19444.598,-0.09018987341772156
105,105,603389.SH,20191030,6.64,6.75,6.52,6.55,6.73,-0.18,-2.6746,22625.28,14933.591,-0.12366412213740452
106,106,603389.SH,20191029,6.98,6.98,6.7,6.73,6.89,-0.16,-2.3222,26687.4,18190.646,-0.13075780089153058
107,107,603389.SH,20191028,6.79,6.93,6.77,6.89,6.83,0.06,0.8785,25266.96,17357.613999999998,-0.1480406386066763
108,108,603389.SH,20191025,6.78,6.84,6.68,6.83,6.77,0.06,0.8863,20032.4,13589.18,-0.11713030746705708
109,109,603389.SH,20191024,6.74,6.8,6.7,6.77,6.73,0.04,0.5944,14767.8,9985.728000000001,-0.1033973412112259
110,110,603389.SH,20191023,6.68,6.83,6.67,6.73,6.7,0.03,0.4478,23509.0,15896.435,-0.08469539375928681
111,111,603389.SH,20191022,6.61,6.71,6.52,6.7,6.59,0.11,1.6692,21633.2,14366.729,-0.07910447761194034
112,112,603389.SH,20191021,6.63,6.65,6.46,6.59,6.63,-0.04,-0.6033,21279.98,13915.625,-0.07738998482549314
113,113,603389.SH,20191018,6.72,6.78,6.57,6.63,6.72,-0.09,-1.3393,20181.58,13431.15,-0.08748114630467572
114,114,603389.SH,20191017,6.74,6.8,6.66,6.72,6.73,-0.01,-0.1486,15629.4,10545.15,-0.09077380952380944
115,115,603389.SH,20191016,6.85,6.92,6.71,6.73,6.85,-0.12,-1.7518,16566.28,11319.121000000001,-0.09509658246656769
116,116,603389.SH,20191015,6.97,6.97,6.84,6.85,6.94,-0.09,-1.2968,14879.18,10224.671999999999,-0.09489051094890504
117,117,603389.SH,20191014,6.92,6.96,6.84,6.94,6.83,0.11,1.6105,22473.2,15537.111,-0.11527377521613842
118,118,603389.SH,20191011,6.71,6.9,6.71,6.83,6.78,0.05,0.7375,25840.4,17646.825,-0.06002928257686679
119,119,603389.SH,20191010,6.7,6.8,6.67,6.78,6.73,0.05,0.7429,19914.28,13445.575,-0.028023598820059052
120,120,603389.SH,20191009,6.61,6.73,6.51,6.73,6.62,0.11,1.6616,19755.54,13056.443000000001,-0.03566121842496288
121,121,603389.SH,20191008,6.68,6.71,6.59,6.62,6.67,-0.05,-0.7496,17718.14,11782.112,-0.007552870090634414
122,122,603389.SH,20190930,6.71,6.73,6.6,6.67,6.71,-0.04,-0.5961,22704.48,15120.042,-0.014992503748125883
123,123,603389.SH,20190927,6.79,6.85,6.66,6.71,6.71,0.0,0.0,20604.25,13907.336000000001,-0.037257824143070044
124,124,603389.SH,20190926,6.93,7.07,6.62,6.71,6.93,-0.22,-3.1746,36613.2,24937.634,-0.05812220566318922
125,125,603389.SH,20190925,7.14,7.17,6.92,6.93,7.12,-0.19,-2.6685,27455.5,19260.625,-0.05483405483405482
126,126,603389.SH,20190924,7.1,7.18,7.05,7.12,7.1,0.02,0.2817,23809.0,16941.65,-0.05477528089887636
127,127,603389.SH,20190923,7.06,7.19,7.02,7.1,7.1,0.0,0.0,24320.12,17213.845,-0.02957746478873239
128,128,603389.SH,20190920,7.13,7.18,7.06,7.1,7.09,0.01,0.141,21566.4,15342.936000000002,-0.03802816901408445
129,129,603389.SH,20190919,7.09,7.13,7.02,7.09,7.05,0.04,0.5674,21397.25,15132.748,-0.04513399153737663
130,130,603389.SH,20190918,7.01,7.13,7.01,7.05,7.05,0.0,0.0,23348.3,16505.151,-0.04539007092198573
131,131,603389.SH,20190917,7.24,7.24,6.98,7.05,7.26,-0.21,-2.8926,33493.75,23699.37,-0.04964539007092194
132,132,603389.SH,20190916,7.24,7.34,7.19,7.26,7.22,0.04,0.5539999999999999,24941.03,18097.616,-0.09228650137741046
133,133,603389.SH,20190912,7.31,7.31,7.17,7.22,7.18,0.04,0.5571,32646.72,23623.764,-0.08171745152354569
134,134,603389.SH,20190911,7.22,7.32,7.17,7.18,7.2,-0.02,-0.2778,35428.64,25630.621,-0.06406685236768803
135,135,603389.SH,20190910,7.14,7.25,7.1,7.2,7.1,0.1,1.4085,41221.58,29618.637000000002,-0.06527777777777774
136,136,603389.SH,20190909,7.05,7.16,7.03,7.1,7.0,0.1,1.4286,28562.8,20254.333,-0.035211267605633804
137,137,603389.SH,20190906,7.02,7.08,6.91,7.0,7.02,-0.02,-0.2849,25495.7,17810.603,-0.008571428571428516
138,138,603389.SH,20190905,7.05,7.19,7.01,7.02,7.0,0.02,0.2857,39234.92,27782.484,-0.027065527065526996
139,139,603389.SH,20190904,7.02,7.06,6.93,7.0,7.06,-0.06,-0.8499,29783.8,20798.706000000002,-0.031428571428571396
140,140,603389.SH,20190903,6.94,7.26,6.87,7.06,6.91,0.15,2.1708,55307.38,38903.562999999995,-0.046742209631727934
141,141,603389.SH,20190902,6.76,6.92,6.75,6.91,6.75,0.16,2.3704,27559.0,18909.73,-0.041968162083936326
142,142,603389.SH,20190830,6.87,6.96,6.57,6.75,6.85,-0.1,-1.4599,27425.8,18638.03,-0.011851851851851862
143,143,603389.SH,20190829,6.9,6.99,6.81,6.85,6.91,-0.06,-0.8683,26917.4,18577.203,-0.020437956204379517
144,144,603389.SH,20190828,6.93,7.03,6.85,6.91,6.91,0.0,0.0,23655.0,16396.821,-0.028943560057887147
145,145,603389.SH,20190827,6.8,6.95,6.77,6.91,6.77,0.14,2.0679,28520.08,19661.665,0.00289435600578865
146,146,603389.SH,20190826,6.56,6.92,6.56,6.77,6.74,0.03,0.4451,23646.12,15916.152,0.05169867060561308
147,147,603389.SH,20190823,6.9,6.9,6.73,6.74,6.87,-0.13,-1.8923,19270.32,13093.94,0.053412462908011785
148,148,603389.SH,20190822,6.87,6.91,6.81,6.87,6.9,-0.03,-0.4348,25759.6,17648.93,0.033478893740902405
149,149,603389.SH,20190821,6.75,7.03,6.75,6.9,6.85,0.05,0.7299,26765.0,18500.303,0.027536231884057898
150,150,603389.SH,20190820,6.8,6.92,6.79,6.85,6.84,0.01,0.1462,24960.2,17112.612,0.02919708029197083
151,151,603389.SH,20190819,6.76,6.85,6.72,6.84,6.69,0.15,2.2422,28864.6,19625.066000000003,0.030701754385964907
152,152,603389.SH,20190816,6.64,6.77,6.64,6.69,6.68,0.01,0.1497,17655.6,11865.542,0.085201793721973
153,153,603389.SH,20190815,6.52,6.7,6.51,6.68,6.72,-0.04,-0.5952,19383.07,12820.131000000001,0.08083832335329343
154,154,603389.SH,20190814,6.82,6.86,6.68,6.72,6.78,-0.06,-0.885,18560.07,12563.05,0.06845238095238095
155,155,603389.SH,20190813,6.7,6.85,6.66,6.78,6.74,0.04,0.5935,17558.6,11803.302,0.06194690265486724
156,156,603389.SH,20190812,6.62,6.74,6.59,6.74,6.62,0.12,1.8127,14658.25,9800.322,0.053412462908011785
157,157,603389.SH,20190809,6.73,6.78,6.58,6.62,6.72,-0.1,-1.4881,16035.8,10712.84,0.05740181268882173
158,158,603389.SH,20190808,6.72,6.78,6.72,6.72,6.72,0.0,0.0,14474.67,9767.931,0.044642857142857116
159,159,603389.SH,20190807,6.72,6.77,6.65,6.72,6.69,0.03,0.4484,17208.6,11576.027,0.041666666666666706
160,160,603389.SH,20190806,6.75,6.81,6.45,6.69,6.93,-0.24,-3.4632,34093.0,22775.957000000002,0.0553064275037368
161,161,603389.SH,20190805,6.96,7.0,6.89,6.93,6.96,-0.03,-0.431,18465.34,12837.855,-0.0028860028860028244
162,162,603389.SH,20190802,7.08,7.08,6.87,6.96,7.16,-0.2,-2.7933,32252.68,22450.164,-0.030172413793103443
163,163,603389.SH,20190801,7.24,7.25,7.15,7.16,7.23,-0.07,-0.9682,21390.4,15364.716,-0.043296089385474926
164,164,603389.SH,20190731,7.3,7.33,7.22,7.23,7.33,-0.1,-1.3643,20995.18,15229.961000000001,-0.044260027662517326
165,165,603389.SH,20190730,7.31,7.37,7.29,7.33,7.32,0.01,0.1366,21011.7,15413.194,-0.057298772169167796
166,166,603389.SH,20190729,7.29,7.36,7.24,7.32,7.29,0.03,0.4115,20416.8,14907.178999999998,-0.07513661202185802
167,167,603389.SH,20190726,7.3,7.37,7.25,7.29,7.33,-0.04,-0.5457,22071.8,16111.385,-0.07544581618655691
168,168,603389.SH,20190725,7.35,7.4,7.27,7.33,7.34,-0.01,-0.1362,27818.44,20338.159,-0.06275579809004092
169,169,603389.SH,20190724,7.26,7.41,7.26,7.34,7.34,0.0,0.0,53355.8,39207.825,-0.059945504087193395
170,170,603389.SH,20190723,7.36,7.56,7.2,7.34,7.5,-0.16,-2.1333,96752.9,71037.13799999999,-0.06675749318801093
171,171,603389.SH,20190722,8.15,8.33,7.5,7.5,8.21,-0.71,-8.648,126928.19,100224.336,-0.08800000000000002
172,172,603389.SH,20190719,7.63,8.4,7.63,8.21,7.74,0.47,6.0724,163612.23,134697.27599999998,-0.18514007308160782
173,173,603389.SH,20190718,7.62,7.75,7.52,7.74,7.7,0.04,0.5195,46139.84,35199.573,-0.13695090439276492
174,174,603389.SH,20190717,7.43,7.71,7.42,7.7,7.47,0.23,3.0789999999999997,42189.99,31956.987999999998,-0.12727272727272732
175,175,603389.SH,20190716,7.45,7.53,7.38,7.47,7.48,-0.01,-0.1337,21322.6,15927.128,-0.09236947791164653
176,176,603389.SH,20190715,7.53,7.53,7.25,7.48,7.52,-0.04,-0.5319,26110.57,19389.145,-0.09893048128342248
177,177,603389.SH,20190712,7.45,7.6,7.44,7.52,7.44,0.08,1.0753,18949.69,14237.017,-0.11968085106382972
178,178,603389.SH,20190711,7.41,7.58,7.41,7.44,7.39,0.05,0.6766,21515.28,16130.659,-0.09677419354838718
179,179,603389.SH,20190710,7.55,7.58,7.35,7.39,7.53,-0.14,-1.8592,21863.54,16317.661,-0.09066305818673884
180,180,603389.SH,20190709,7.44,7.58,7.41,7.53,7.49,0.04,0.534,17229.12,12937.723,-0.11155378486055775
181,181,603389.SH,20190708,7.88,7.91,7.48,7.49,7.91,-0.42,-5.3097,44167.12,33560.513,-0.07476635514018698
182,182,603389.SH,20190705,7.83,7.95,7.8,7.91,7.86,0.05,0.6361,20552.4,16230.24,-0.12010113780025286
183,183,603389.SH,20190704,8.1,8.12,7.8,7.86,8.03,-0.17,-2.1171,34447.72,27240.112,-0.08905852417302801
184,184,603389.SH,20190703,8.1,8.19,7.92,8.03,8.1,-0.07,-0.8642,40280.33,32420.88,-0.09962640099626388
185,185,603389.SH,20190702,8.05,8.26,8.04,8.1,8.03,0.07,0.8717,46010.98,37451.501000000004,-0.09506172839506168
186,186,603389.SH,20190701,7.81,8.06,7.81,8.03,7.74,0.29,3.7468,43527.22,34740.227999999996,-0.0884184308841842
187,187,603389.SH,20190628,7.97,7.99,7.65,7.74,8.0,-0.26,-3.25,37270.98,29039.776,-0.05813953488372095
188,188,603389.SH,20190627,8.08,8.13,7.92,8.0,8.07,-0.07,-0.8674,39269.62,31522.687,-0.08374999999999999
189,189,603389.SH,20190626,8.12,8.16,7.99,8.07,8.19,-0.12,-1.4652,28689.0,23176.099,-0.09045848822800501
190,190,603389.SH,20190625,8.31,8.31,7.98,8.19,8.33,-0.14,-1.6807,44721.0,36268.906,-0.10378510378510375
191,191,603389.SH,20190624,8.24,8.34,8.12,8.33,8.24,0.09,1.0922,49520.08,40876.876000000004,-0.09963985594237695
192,192,603389.SH,20190621,8.11,8.41,8.1,8.24,8.05,0.19,2.3602,68520.82,56517.169,-0.0036407766990290487
193,193,603389.SH,20190620,8.0,8.12,7.9,8.05,8.01,0.04,0.4994,45602.1,36732.781,-0.038509316770186396
194,194,603389.SH,20190619,8.08,8.18,7.99,8.01,7.99,0.02,0.2503,45869.72,37096.702000000005,-0.03870162297128584
195,195,603389.SH,20190618,8.0,8.03,7.88,7.99,7.95,0.04,0.5031,22035.8,17551.238999999998,-0.06508135168961207
196,196,603389.SH,20190617,7.8,8.07,7.65,7.95,7.84,0.11,1.4031,34039.0,27082.743,-0.05911949685534588
197,197,603389.SH,20190614,8.12,8.2,7.81,7.84,8.12,-0.28,-3.4483,52315.9,41726.334,-0.04081632653061228
198,198,603389.SH,20190613,7.94,8.16,7.86,8.12,7.95,0.17,2.1384,62065.3,50136.322,-0.08374384236453189
199,199,603389.SH,20190612,8.14,8.14,7.95,7.95,8.15,-0.2,-2.454,67025.26,53846.545,-0.07044025157232711
200,200,603389.SH,20190611,7.89,8.32,7.82,8.15,8.14,0.01,0.1229,132321.06,106576.595,-0.07607361963190185
201,201,603389.SH,20190610,7.44,8.14,7.4,8.14,7.4,0.74,10.0,75346.46,59094.1,-0.07985257985257989
202,202,603389.SH,20190606,7.76,7.8,7.31,7.4,7.77,-0.37,-4.7619,41195.28,30933.146,0.06891891891891888
203,203,603389.SH,20190605,7.75,7.94,7.65,7.77,7.7,0.07,0.9091,41922.12,32656.826,0.01158301158301168
204,204,603389.SH,20190604,8.02,8.02,7.6,7.7,7.98,-0.28,-3.5088,30923.0,24088.269,0.04285714285714275
205,205,603389.SH,20190603,9.39,9.58,9.27,9.57,9.37,0.2,2.1345,49409.6,46695.687999999995,-0.15360501567398124
206,206,603389.SH,20190531,9.41,9.58,9.31,9.37,9.36,0.01,0.1068,42652.6,40179.384,-0.14300960512273211
207,207,603389.SH,20190530,9.32,9.38,9.14,9.36,9.28,0.08,0.8621,34334.92,31772.906000000003,-0.17307692307692302
208,208,603389.SH,20190529,9.21,9.41,9.21,9.28,9.29,-0.01,-0.1076,38149.52,35451.581,-0.13793103448275856
209,209,603389.SH,20190528,9.3,9.58,9.23,9.29,9.3,-0.01,-0.1075,53730.6,50509.779,-0.13132400430570496
210,210,603389.SH,20190527,9.06,9.45,8.9,9.3,8.99,0.31,3.4483,43181.06,39631.951,-0.11935483870967754
211,211,603389.SH,20190524,8.9,9.1,8.84,8.99,8.97,0.02,0.223,35669.06,32095.122000000003,-0.07341490545050057
212,212,603389.SH,20190523,9.23,9.49,8.89,8.97,9.27,-0.3,-3.2362,60197.0,55228.108,-0.08138238573021186
213,213,603389.SH,20190522,9.43,9.56,9.25,9.27,9.4,-0.13,-1.383,43643.0,41067.718,-0.1316073354908305
214,214,603389.SH,20190521,9.29,9.6,9.29,9.4,9.34,0.06,0.6424,55140.38,52228.172999999995,-0.14787234042553196
215,215,603389.SH,20190520,9.95,9.97,8.91,9.34,9.9,-0.56,-5.6566,52818.0,49042.465,-0.1445396145610278
216,216,603389.SH,20190517,10.33,10.49,9.85,9.9,10.5,-0.6,-5.7143,70608.0,71597.61099999999,-0.196969696969697
217,217,603389.SH,20190516,10.51,10.75,10.44,10.5,10.76,-0.26,-2.4164,84623.33,89234.662,-0.25333333333333335
218,218,603389.SH,20190515,10.76,10.86,10.29,10.76,10.74,0.02,0.1862,166790.18,175860.238,-0.24535315985130118
219,219,603389.SH,20190514,9.53,10.74,9.45,10.74,9.76,0.98,10.041,160626.03,170123.405,-0.25977653631284914
220,220,603389.SH,20190513,9.81,9.97,9.75,9.76,10.08,-0.32,-3.1746,36956.0,36422.384,-0.16495901639344257
221,221,603389.SH,20190510,9.65,10.1,9.17,10.08,9.65,0.43,4.456,85744.28,83242.693,-0.19246031746031741
222,222,603389.SH,20190509,9.29,10.25,9.24,9.65,9.41,0.24,2.5505,67886.76,65850.61200000001,-0.23316062176165803
223,223,603389.SH,20190508,9.13,9.5,9.03,9.41,9.24,0.17,1.8398,54387.15,50893.42,-0.17428267800212546
224,224,603389.SH,20190507,8.9,9.33,8.84,9.24,8.79,0.45,5.1195,60458.0,55302.57,-0.16666666666666666
225,225,603389.SH,20190506,9.18,9.25,8.55,8.79,9.34,-0.55,-5.8887,51078.0,45674.025,0.08873720136518785
226,226,603389.SH,20190430,9.12,9.44,9.04,9.34,9.14,0.2,2.1882,42151.0,39312.612,0.003211991434689439
227,227,603389.SH,20190429,9.82,9.9,9.02,9.14,9.85,-0.71,-7.2081,64180.15,60080.742999999995,0.024070021881837947
228,228,603389.SH,20190426,10.15,10.25,9.85,9.85,10.39,-0.54,-5.1973,60904.0,61139.597,-0.05786802030456856
229,229,603389.SH,20190425,11.07,11.13,10.21,10.39,11.14,-0.75,-6.7325,65539.0,70576.382,-0.10587102983638126
230,230,603389.SH,20190424,11.25,11.37,10.95,11.14,11.32,-0.18,-1.5901,51636.03,57520.752,-0.16517055655296228
231,231,603389.SH,20190423,11.15,11.38,10.95,11.32,11.12,0.2,1.7986,67053.03,75219.22200000001,-0.2058303886925795
232,232,603389.SH,20190422,11.28,11.37,11.09,11.12,11.28,-0.16,-1.4184,60374.0,67648.019,-0.19334532374100707
233,233,603389.SH,20190419,11.2,11.37,10.95,11.28,11.14,0.14,1.2567,66642.0,74455.882,-0.17819148936170212
234,234,603389.SH,20190418,11.43,11.6,11.03,11.14,11.48,-0.34,-2.9617,96206.0,108516.556,-0.1561938958707361
235,235,603389.SH,20190417,11.66,11.85,11.46,11.48,11.63,-0.15,-1.2898,87832.31,102136.37599999999,-0.18641114982578402
236,236,603389.SH,20190416,11.85,11.87,11.36,11.63,11.97,-0.34,-2.8404,112551.31,131105.617,-0.1487532244196045
237,237,603389.SH,20190415,11.71,12.51,11.6,11.97,12.39,-0.42,-3.3898,172748.32,205731.235,-0.1228070175438597
238,238,603389.SH,20190412,13.2,13.69,12.39,12.39,13.77,-1.38,-10.0218,287323.86,373183.675,-0.13155770782889434
239,239,603389.SH,20190411,12.25,13.77,11.8,13.77,12.52,1.25,9.984,225522.38,285369.601,-0.2200435729847494
240,240,603389.SH,20190410,13.09,13.55,12.39,12.52,12.71,-0.19,-1.4949,245298.09,315414.953,-0.2204472843450479
241,241,603389.SH,20190409,11.59,12.71,11.4,12.71,11.55,1.16,10.0433,93134.03,114141.84,-0.20692368214004725
242,242,603389.SH,20190408,11.9,12.0,11.31,11.55,11.91,-0.36,-3.0227,70070.64,82130.975,-0.1645021645021645
243,243,603389.SH,20190404,11.85,12.43,11.6,11.91,12.06,-0.15,-1.2438,124929.54,148793.802,-0.20990764063811923
244,244,603389.SH,20190403,11.01,12.2,10.91,12.06,11.1,0.96,8.6486,143654.75,165193.86800000002,-0.2338308457711443
245,245,603389.SH,20190402,11.12,11.38,11.03,11.1,11.15,-0.05,-0.4484,63741.52,71169.754,-0.20810810810810815
246,246,603389.SH,20190401,10.9,11.24,10.82,11.15,10.84,0.31,2.8598,61382.5,68202.78,-0.16233183856502245
247,247,603389.SH,20190329,10.62,10.88,10.38,10.84,10.58,0.26,2.4575,59249.54,63156.179000000004,-0.1568265682656826
248,248,603389.SH,20190328,10.75,10.85,10.31,10.58,10.76,-0.18,-1.6729,53344.43,56526.806,-0.06899810964083179
249,249,603389.SH,20190327,11.12,11.24,10.58,10.76,11.0,-0.24,-2.1818,57240.0,61937.223,-0.03438661710037168
250,250,603389.SH,20190326,11.12,11.31,10.99,11.0,11.06,-0.06,-0.5425,53264.0,59397.955,0.01272727272727278
251,251,603389.SH,20190325,11.31,11.39,11.05,11.06,11.4,-0.34,-2.9825,53595.0,60066.14,0.023508137432188044
252,252,603389.SH,20190322,11.47,11.55,11.12,11.4,11.57,-0.17,-1.4693,66850.15,75701.561,-0.02456140350877203
253,253,603389.SH,20190321,11.35,11.8,11.33,11.57,11.36,0.21,1.8486,122256.59,141961.672,-0.025064822817631886
254,254,603389.SH,20190320,11.47,11.59,11.02,11.36,11.6,-0.24,-2.069,77948.19,88204.94900000001,-0.019366197183098493
255,255,603389.SH,20190319,11.3,11.7,11.15,11.6,11.25,0.35,3.1111,102319.58,117048.03199999999,-0.010344827586206829
256,256,603389.SH,20190318,11.35,11.35,10.8,11.25,11.27,-0.02,-0.1775,84218.32,93027.03300000001,0.033777777777777844
257,257,603389.SH,20190315,11.19,11.46,10.96,11.27,11.16,0.11,0.9857,85033.24,95517.758,0.06211180124223612
258,258,603389.SH,20190314,11.79,12.08,10.88,11.16,12.09,-0.93,-7.6923,135186.0,152048.853,0.1102150537634409
259,259,603389.SH,20190313,12.48,12.98,12.03,12.09,12.56,-0.47,-3.742,161153.08,200888.378,0.1389578163771712
260,260,603389.SH,20190312,12.6,13.4,12.34,12.56,12.7,-0.14,-1.1024,197603.24,251015.36399999997,-0.003184713375796252
261,261,603389.SH,20190311,12.26,12.85,11.82,12.7,12.52,0.18,1.4377,216020.34,269442.915,0.0007874015748032728
262,262,603389.SH,20190308,12.5,13.23,11.29,12.52,12.03,0.49,4.0732,296607.1,370630.041,-0.07747603833865806
263,263,603389.SH,20190307,11.04,12.03,10.93,12.03,10.94,1.09,9.9634,178306.48,202593.225,-0.009975062344139586
264,264,603389.SH,20190306,11.0,11.02,10.65,10.94,10.86,0.08,0.7366,141042.16,152920.736,0.10237659963436939
265,265,603389.SH,20190305,10.55,10.9,10.45,10.86,10.68,0.18,1.6854,122820.48,131425.72400000002,0.022099447513812175
266,266,603389.SH,20190304,10.7,10.96,10.45,10.68,10.61,0.07,0.6598,127521.53,136828.997,0.04400749063670418
267,267,603389.SH,20190301,10.59,10.65,10.45,10.61,10.46,0.15,1.4340000000000002,65832.0,69452.552,0.02167766258246941
268,268,603389.SH,20190228,10.42,10.74,10.23,10.46,10.76,-0.3,-2.7881,104766.81,109684.339,0.011472275334607955
269,269,603389.SH,20190227,10.46,11.25,10.46,10.76,10.51,0.25,2.3787,163498.0,178140.638,0.0
270,270,603389.SH,20190226,11.08,11.11,10.5,10.51,11.29,-0.78,-6.9088,196552.96,211942.92899999997,0.046622264509990505
271,271,603389.SH,20190225,10.49,11.5,10.45,11.29,10.56,0.73,6.9129,233048.26,255828.19199999998,-0.020372010628874993
272,272,603389.SH,20190222,10.38,11.02,10.14,10.56,10.14,0.42,4.1419999999999995,254441.35,270773.87,0.07954545454545453
273,273,603389.SH,20190221,9.25,10.14,9.18,10.14,9.22,0.92,9.9783,149670.44,145514.47,0.141025641025641
274,274,603389.SH,20190220,9.23,9.32,8.93,9.22,9.24,-0.02,-0.2165,72678.67,66568.601,0.23210412147505408
275,275,603389.SH,20190219,9.29,9.55,9.13,9.24,9.17,0.07,0.7634,91434.99,84916.569,0.25541125541125537
276,276,603389.SH,20190218,9.02,9.2,8.93,9.17,8.89,0.28,3.1496,72996.51,66314.371,0.22682660850599784
277,277,603389.SH,20190215,9.07,9.09,8.86,8.89,9.1,-0.21,-2.3077,64492.0,57795.5,0.2677165354330707
278,278,603389.SH,20190214,8.82,9.23,8.7,9.1,8.83,0.27,3.0578,108826.99,98784.034,0.22637362637362643
279,279,603389.SH,20190213,8.68,8.96,8.52,8.83,8.65,0.18,2.0809,73883.99,64607.68,0.36919592298980747
280,280,603389.SH,20190212,8.61,8.8,8.53,8.65,8.54,0.11,1.2881,56319.0,48678.667,0.45202312138728323
281,281,603389.SH,20190211,8.51,8.6,8.37,8.54,8.27,0.27,3.2648,40402.0,34353.669,0.4871194379391101
282,282,603389.SH,20190201,7.98,8.3,7.98,8.27,7.86,0.41,5.2163,53450.51,43776.628,0.5139056831922613
283,283,603389.SH,20190131,8.4,8.45,7.71,7.86,8.35,-0.49,-5.8683,62697.27,50274.142,0.530534351145038
284,284,603389.SH,20190130,8.42,8.61,8.25,8.35,8.54,-0.19,-2.2248,51962.28,43687.352,0.31017964071856285
285,285,603389.SH,20190129,9.0,9.0,8.32,8.54,9.03,-0.49,-5.4264,74028.83,63393.62,0.27166276346604223
286,286,603389.SH,20190128,9.31,9.38,8.96,9.03,9.24,-0.21,-2.2727,51397.0,47026.634000000005,0.1827242524916944
287,287,603389.SH,20190125,9.76,9.83,9.1,9.24,9.8,-0.56,-5.7143,85270.0,80824.182,0.1482683982683982
288,288,603389.SH,20190124,9.92,9.92,9.68,9.8,9.84,-0.04,-0.4065,51523.25,50521.932,0.06734693877551022
289,289,603389.SH,20190123,9.87,9.96,9.68,9.84,9.86,-0.02,-0.2028,54935.99,53870.252,0.09349593495934959
290,290,603389.SH,20190122,10.14,10.2,9.78,9.86,10.12,-0.26,-2.5692,67367.0,67412.62700000001,0.06592292089249496
291,291,603389.SH,20190121,10.17,10.26,10.0,10.12,10.15,-0.03,-0.2956,51882.0,52333.525,0.11561264822134387
292,292,603389.SH,20190118,10.28,10.37,10.03,10.15,10.48,-0.33,-3.1489,97846.58,99550.868,0.04039408866995075
293,293,603389.SH,20190117,10.0,10.66,9.82,10.48,10.08,0.4,3.9683,167865.36,171849.871,-0.03244274809160304
294,294,603389.SH,20190116,9.98,10.33,9.93,10.08,9.93,0.15,1.5106,84307.74,85213.13900000001,-0.08531746031746026
295,295,603389.SH,20190115,9.99,9.99,9.62,9.93,10.07,-0.14,-1.3903,92214.0,90642.50099999999,-0.0694864048338368
296,296,603389.SH,20190114,10.17,10.37,10.05,10.07,10.16,-0.09,-0.8858,72816.1,74198.304,-0.08937437934458792
297,297,603389.SH,20190111,10.2,10.28,9.98,10.16,10.29,-0.13,-1.2634,88404.1,89426.76,-0.12499999999999996
298,298,603389.SH,20190110,10.63,10.73,10.13,10.29,10.69,-0.4,-3.7418,127380.56,132195.74800000002,-0.11564625850340132
299,299,603389.SH,20190109,10.42,10.83,10.11,10.69,10.5,0.19,1.8095,151439.56,160631.631,-0.1739943872778297
300,300,603389.SH,20190108,10.68,10.82,10.27,10.5,10.52,-0.02,-0.1901,126605.6,133136.375,-0.17619047619047615
301,301,603389.SH,20190107,10.73,10.81,10.47,10.52,10.45,0.07,0.6699,98224.3,104054.192,-0.18821292775665405
302,302,603389.SH,20190104,9.87,10.64,9.87,10.45,10.08,0.37,3.6706,118866.7,122854.345,-0.20861244019138755
303,303,603389.SH,20190103,10.97,11.13,10.02,10.08,10.84,-0.76,-7.0111,157128.4,164694.519,-0.2202380952380952
304,304,603389.SH,20190102,10.66,11.17,10.62,10.84,10.47,0.37,3.5339,139739.98,151749.846,-0.2297047970479705
305,305,603389.SH,20181228,11.0,11.17,10.43,10.47,10.85,-0.38,-3.5023,143508.2,155078.43300000002,-0.18433619866284637
306,306,603389.SH,20181227,11.54,11.55,10.75,10.85,11.7,-0.85,-7.265,173070.09,194060.41100000002,-0.167741935483871
307,307,603389.SH,20181226,12.27,12.3,11.68,11.7,12.18,-0.48,-3.9409,215638.78,259161.328,-0.2102564102564102
308,308,603389.SH,20181225,11.4,12.62,11.05,12.18,11.92,0.26,2.1812,255720.39,301225.169,-0.19540229885057464
309,309,603389.SH,20181224,11.21,12.28,10.93,11.92,11.41,0.51,4.4698,253571.37,290654.315,-0.174496644295302
310,310,603389.SH,20181221,11.15,12.3,11.15,11.41,11.23,0.18,1.6028,318821.44,371980.518,-0.13584574934268193
311,311,603389.SH,20181220,10.24,11.23,10.24,11.23,10.21,1.02,9.9902,241909.79,264761.107,-0.09884238646482646
312,312,603389.SH,20181219,10.38,10.65,10.11,10.21,10.5,-0.29,-2.7619,141629.5,146331.986,-0.005876591576885455
313,313,603389.SH,20181218,10.11,10.78,10.11,10.5,9.96,0.54,5.4217,174649.28,181640.065,-0.0019047619047618642
314,314,603389.SH,20181217,9.82,10.15,9.72,9.96,9.71,0.25,2.5747,92689.22,92193.299,0.012048192771084258
315,315,603389.SH,20181214,10.33,10.48,9.52,9.71,10.41,-0.7,-6.7243,114140.0,114892.156,0.022657054582904103
316,316,603389.SH,20181213,10.6,10.7,10.38,10.41,10.7,-0.29,-2.7103,85804.5,90206.155,-0.032660902977905845
317,317,603389.SH,20181212,10.47,10.72,10.22,10.7,10.41,0.29,2.7858,120637.54,126635.31199999999,-0.05046728971962609
318,318,603389.SH,20181211,10.47,10.5,10.22,10.41,10.4,0.01,0.0962,73285.98,75955.913,-0.011527377521613928
319,319,603389.SH,20181210,10.42,10.57,10.22,10.4,10.42,-0.02,-0.1919,67682.0,70431.711,0.027884615384615303
320,320,603389.SH,20181207,10.46,10.64,10.22,10.42,10.41,0.01,0.0961,79109.28,82602.395,0.007677543186180429
321,321,603389.SH,20181206,10.7,10.8,10.36,10.41,10.99,-0.58,-5.2775,126189.7,133201.169,0.010566762728145959
322,322,603389.SH,20181205,11.2,11.58,10.99,10.99,12.21,-1.22,-9.9918,164581.07,184621.979,-0.049135577797998264
323,323,603389.SH,20181204,11.4,12.49,11.31,12.21,11.6,0.61,5.2586,237298.77,282148.312,-0.1744471744471745
324,324,603389.SH,20181203,11.3,11.85,11.11,11.6,11.27,0.33,2.9281,182752.96,210153.737,-0.06551724137931032
325,325,603389.SH,20181130,11.35,11.44,10.9,11.27,11.5,-0.23,-2.0,131228.54,146865.326,-0.0709849157054125
326,326,603389.SH,20181129,11.16,11.74,10.86,11.5,11.17,0.33,2.9543,190119.77,214792.725,-0.05652173913043481
327,327,603389.SH,20181128,11.32,11.34,10.74,11.17,11.47,-0.3,-2.6155,136953.52,150994.524,0.04744852282900621
328,328,603389.SH,20181127,11.54,11.79,11.19,11.47,11.44,0.03,0.2622,152536.53,174595.195,0.06190061028770698
329,329,603389.SH,20181126,11.66,11.85,11.08,11.44,11.87,-0.43,-3.6226,167968.96,191116.01100000003,0.041958041958041994
330,330,603389.SH,20181123,12.67,12.88,11.87,11.87,13.19,-1.32,-10.0076,148344.01,180824.806,-0.03875315922493674
331,331,603389.SH,20181122,13.5,13.81,13.19,13.19,14.66,-1.47,-10.0273,271452.51,363577.305,-0.14859742228961328
332,332,603389.SH,20181121,13.1,14.75,13.1,14.66,13.41,1.25,9.3214,329719.5,469585.23799999995,-0.30354706684856747
333,333,603389.SH,20181120,14.2,14.4,13.34,13.41,14.82,-1.41,-9.5142,234988.63,320591.091,-0.21700223713646533
334,334,603389.SH,20181119,14.36,15.49,14.06,14.82,14.31,0.51,3.5639,301726.09,442962.25700000004,-0.3279352226720647
335,335,603389.SH,20181116,14.57,15.65,14.01,14.31,14.88,-0.57,-3.8306,334688.49,492375.326,-0.3214535290006988
336,336,603389.SH,20181115,14.29,14.88,13.74,14.88,13.53,1.35,9.9778,352024.27,513385.596,-0.3004032258064516
337,337,603389.SH,20181114,13.3,13.53,11.98,13.53,12.3,1.23,10.0,200609.34,260070.954,-0.20916481892091648
338,338,603389.SH,20181113,11.45,12.3,11.45,12.3,11.18,1.12,10.0179,317495.22,380881.783,-0.15365853658536588
339,339,603389.SH,20181112,10.0,11.18,9.51,11.18,10.16,1.02,10.0394,262329.89,265775.05100000004,-0.06976744186046506
340,340,603389.SH,20181109,9.42,10.16,9.3,10.16,9.24,0.92,9.9567,286456.35,282101.217,0.02559055118110234
341,341,603389.SH,20181108,8.46,9.24,8.45,9.24,8.4,0.84,10.0,180470.07,164140.103,0.1266233766233766
342,342,603389.SH,20181107,8.33,8.8,8.25,8.4,8.33,0.07,0.8403,102471.91,86902.058,0.3083333333333333
343,343,603389.SH,20181106,8.47,8.47,8.25,8.33,8.57,-0.24,-2.8005,67787.06,56450.237,0.46578631452581043
344,344,603389.SH,20181105,8.32,8.59,8.21,8.57,8.29,0.28,3.3776,107302.06,90406.905,0.3535589264877479
345,345,603389.SH,20181102,8.15,8.33,8.11,8.29,8.1,0.19,2.3457,81686.28,67316.101,0.359469240048251
346,346,603389.SH,20181101,8.17,8.42,8.01,8.1,8.07,0.03,0.3717,77250.59,63236.376,0.4197530864197532
347,347,603389.SH,20181031,8.0,8.16,7.94,8.07,7.97,0.1,1.2547,57888.84,46585.883,0.3841387856257744
348,348,603389.SH,20181030,8.0,8.07,7.74,7.97,7.96,0.01,0.1256,54258.37,43053.001,0.4391468005018822
349,349,603389.SH,20181029,8.18,8.18,7.82,7.96,8.24,-0.28,-3.3981,56005.0,44756.557,0.43718592964824116
350,350,603389.SH,20181026,8.21,8.5,8.13,8.24,8.13,0.11,1.3530000000000002,75179.41,62132.445999999996,0.44053398058252413
351,351,603389.SH,20181025,8.0,8.2,7.91,8.13,8.35,-0.22,-2.6347,72617.93,58462.72,0.6223862238622384
352,352,603389.SH,20181024,8.5,8.56,8.24,8.35,8.63,-0.28,-3.2445,96256.02,80528.53,0.7556886227544911
353,353,603389.SH,20181023,8.45,9.16,8.37,8.63,8.53,0.1,1.1723,158083.22,138278.908,0.5538818076477403
354,354,603389.SH,20181022,8.4,8.74,8.24,8.53,8.12,0.41,5.0493,125147.56,106037.85,0.7373974208675266
355,355,603389.SH,20181019,7.72,8.25,7.72,8.12,7.96,0.16,2.0101,93337.74,75446.062,0.7623152709359609
356,356,603389.SH,20181018,8.4,8.42,7.68,7.96,8.53,-0.57,-6.6823,109826.6,89188.766,0.8693467336683418
357,357,603389.SH,20181017,8.43,8.77,8.2,8.53,8.19,0.34,4.1514,156573.34,133743.169,0.5861664712778429
358,358,603389.SH,20181016,8.46,8.53,8.0,8.19,8.43,-0.24,-2.847,89285.08,73588.205,0.501831501831502
359,359,603389.SH,20181015,8.21,8.88,8.21,8.43,8.16,0.27,3.3088,149855.92,127686.606,0.3262158956109134
360,360,603389.SH,20181012,8.1,8.32,7.68,8.16,8.36,-0.2,-2.3923,125920.84,100798.4,0.24509803921568626
361,361,603389.SH,20181011,8.91,8.95,8.36,8.36,9.29,-0.93,-10.0108,112392.06,96512.228,0.10526315789473695
362,362,603389.SH,20181010,9.55,9.6,9.02,9.29,9.53,-0.24,-2.5184,118797.11,110259.90699999999,-0.09580193756727652
363,363,603389.SH,20181009,9.41,9.64,9.34,9.53,9.5,0.03,0.3158,116922.11,110978.427,-0.12591815320041966
364,364,603389.SH,20181008,9.97,10.06,9.5,9.5,10.56,-1.06,-10.0379,191598.57,185722.016,-0.09789473684210523
365,365,603389.SH,20180928,10.28,10.95,10.28,10.56,11.22,-0.66,-5.8824,318096.79,331833.94899999996,-0.21496212121212133
366,366,603389.SH,20180927,11.22,11.22,11.22,11.22,12.47,-1.25,-10.0241,3629.0,4071.738,-0.2780748663101605
367,367,603389.SH,20180926,12.47,12.47,12.47,12.47,13.85,-1.38,-9.9639,2670.0,3329.49,-0.3528468323977546
368,368,603389.SH,20180925,13.85,13.85,13.85,13.85,15.39,-1.54,-10.0065,1674.0,2318.49,-0.42454873646209385
369,369,603389.SH,20180921,17.21,17.43,15.39,15.39,17.1,-1.71,-10.0,209287.82,343936.81200000003,-0.4827810266406758
370,370,603389.SH,20180920,17.06,17.1,16.87,17.1,17.08,0.02,0.1171,42983.78,72949.50099999999,-0.5181286549707602
371,371,603389.SH,20180919,17.2,17.22,16.86,17.08,17.22,-0.14,-0.813,46271.61,78712.595,-0.5240046838407493
372,372,603389.SH,20180918,17.18,17.44,16.97,17.22,17.2,0.02,0.1163,27453.56,47142.444,-0.5150987224157956
373,373,603389.SH,20180917,16.38,17.2,16.33,17.2,16.6,0.6,3.6145,58663.83,97395.451,-0.4982558139534883
374,374,603389.SH,20180914,16.91,16.99,16.2,16.6,16.88,-0.28,-1.6588,45721.26,76395.337,-0.4861445783132531
375,375,603389.SH,20180913,16.2,16.95,16.12,16.88,16.1,0.78,4.8447,33949.11,56306.439000000006,-0.518957345971564
376,376,603389.SH,20180912,15.38,16.29,15.36,16.1,15.57,0.53,3.404,22527.61,35687.056000000004,-0.5055900621118012
377,377,603389.SH,20180911,15.12,15.66,15.08,15.57,15.24,0.33,2.1654,17286.35,26710.088,-0.4521515735388568
378,378,603389.SH,20180910,15.28,15.7,14.9,15.24,15.31,-0.07,-0.4572,19117.9,29299.783,-0.46259842519685046
379,379,603389.SH,20180907,15.03,15.38,15.03,15.31,15.22,0.09,0.5913,13506.84,20636.101000000002,-0.449379490529066
380,380,603389.SH,20180906,15.35,15.35,15.02,15.22,15.32,-0.1,-0.6527,16291.0,24764.206000000002,-0.46386333771353483
381,381,603389.SH,20180905,15.21,15.35,15.1,15.32,15.21,0.11,0.7232,25886.57,39418.465,-0.4543080939947781
382,382,603389.SH,20180904,14.74,15.22,14.67,15.21,14.63,0.58,3.9645,31392.91,47114.112,-0.38921761998685084
383,383,603389.SH,20180903,14.11,14.65,14.09,14.63,14.09,0.54,3.8325,18131.67,26069.458,-0.3485987696514013
384,384,603389.SH,20180831,14.02,14.28,14.02,14.09,14.04,0.05,0.3561,12840.0,18162.702,-0.3257629524485451
385,385,603389.SH,20180830,14.0,14.22,14.0,14.04,14.08,-0.04,-0.2841,19325.0,27279.535,-0.2478632478632478
386,386,603389.SH,20180829,13.78,14.13,13.6,14.08,13.85,0.23,1.6606,20490.0,28732.652000000002,-0.20312499999999997
387,387,603389.SH,20180828,14.7,14.7,13.3,13.85,14.58,-0.73,-5.0069,50522.28,70242.875,-0.09963898916967502
388,388,603389.SH,20180827,14.02,14.63,13.89,14.58,13.87,0.71,5.119,24323.95,34840.642,-0.050068587105624174
389,389,603389.SH,20180824,13.66,13.87,13.58,13.87,13.63,0.24,1.7608,19459.0,26740.377999999997,0.10958904109589052
390,390,603389.SH,20180823,13.6,13.8,13.53,13.63,13.57,0.06,0.4422,22509.06,30781.717999999997,0.2545854732208364
391,391,603389.SH,20180822,13.4,13.7,13.37,13.57,13.5,0.07,0.5185,25702.0,34906.33,0.2586588061901251
392,392,603389.SH,20180821,13.48,13.52,13.25,13.5,13.31,0.19,1.4275,18116.91,24295.015,0.2755555555555555
393,393,603389.SH,20180820,13.08,13.6,13.08,13.31,13.16,0.15,1.1398,22954.0,30497.273999999998,0.29226145755071364
394,394,603389.SH,20180817,13.25,13.68,13.11,13.16,13.26,-0.1,-0.7541,45332.91,60738.305,0.2613981762917934
395,395,603389.SH,20180816,12.68,13.46,12.6,13.26,13.0,0.26,2.0,47064.76,61956.087,0.27300150829562586
396,396,603389.SH,20180815,12.2,13.26,12.19,13.0,12.28,0.72,5.8632,46904.55,59840.525,0.23846153846153856
397,397,603389.SH,20180814,12.2,12.63,12.2,12.28,12.2,0.08,0.6557,30541.28,37843.03,0.26791530944625414
398,398,603389.SH,20180813,11.8,12.4,11.73,12.2,11.84,0.36,3.0405,25211.28,30580.486,0.24918032786885255
399,399,603389.SH,20180810,11.93,11.95,11.76,11.84,11.9,-0.06,-0.5042,10690.0,12664.516000000001,0.2930743243243244
400,400,603389.SH,20180809,11.9,11.9,11.66,11.9,11.81,0.09,0.7621,9841.28,11649.788,0.27899159663865547
401,401,603389.SH,20180808,12.09,12.13,11.72,11.81,11.99,-0.18,-1.5013,14817.99,17570.607,0.29720575783234543
402,402,603389.SH,20180807,11.94,12.15,11.84,11.99,11.98,0.01,0.0835,18946.78,22647.737,0.2685571309424521
403,403,603389.SH,20180806,11.94,12.36,11.83,11.98,12.08,-0.1,-0.8278,22563.28,27141.144,0.2212020033388982
404,404,603389.SH,20180803,12.17,12.65,12.0,12.08,12.3,-0.22,-1.7886,32149.0,39448.755,0.16639072847682118
405,405,603389.SH,20180802,11.75,12.45,11.68,12.3,11.92,0.38,3.1879,39551.57,47975.138,0.14146341463414622
406,406,603389.SH,20180801,11.54,12.17,11.51,11.92,11.55,0.37,3.2035,24834.59,29406.412999999997,0.18120805369127518
407,407,603389.SH,20180731,11.4,11.69,11.4,11.55,11.5,0.05,0.4348,6647.59,7703.406999999999,0.19913419913419902
408,408,603389.SH,20180730,11.41,11.54,11.32,11.5,11.44,0.06,0.5245,6534.0,7486.315,0.26782608695652177
409,409,603389.SH,20180727,11.44,11.46,11.32,11.44,11.4,0.04,0.3509,4444.0,5062.266,0.2124125874125874
410,410,603389.SH,20180726,11.4,11.48,11.26,11.4,11.4,0.0,0.0,13308.28,15079.934,0.19561403508771932
411,411,603389.SH,20180725,11.38,11.56,11.37,11.4,11.45,-0.05,-0.4367,4841.28,5528.628000000001,0.19035087719298244
412,412,603389.SH,20180724,11.42,11.52,11.23,11.45,11.35,0.1,0.8811,11490.0,13111.417,0.17903930131004375
413,413,603389.SH,20180723,11.31,11.41,11.25,11.35,11.31,0.04,0.3537,5441.87,6164.578,0.1726872246696036
414,414,603389.SH,20180720,11.22,11.35,11.15,11.31,11.24,0.07,0.6228,2689.28,3024.325,0.16357206012378422
415,415,603389.SH,20180719,11.3,11.39,11.22,11.24,11.36,-0.12,-1.06,4004.0,4517.5070000000005,0.17971530249110315
416,416,603389.SH,20180718,11.68,11.68,11.35,11.36,11.48,-0.12,-1.05,5170.18,5906.340999999999,0.14436619718309865
417,417,603389.SH,20180717,11.25,11.51,11.16,11.48,11.28,0.2,1.77,10798.0,12317.718,0.06968641114982568
418,418,603389.SH,20180716,11.18,11.3,11.1,11.28,11.28,0.0,0.0,11289.0,12643.203000000001,0.08156028368794326
419,419,603389.SH,20180713,11.25,11.28,10.15,11.28,11.28,0.0,0.0,6378.31,7143.927,0.04964539007092203
420,420,603389.SH,20180712,11.17,11.37,11.13,11.28,11.16,0.12,1.08,7490.0,8427.478000000001,0.05496453900709229
421,421,603389.SH,20180711,11.13,11.17,10.99,11.16,11.19,-0.03,-0.27,5887.0,6508.43,0.05824372759856634
422,422,603389.SH,20180710,11.08,11.19,11.08,11.19,11.16,0.03,0.27,3235.0,3602.613,0.07149240393208228
423,423,603389.SH,20180709,10.86,11.17,10.86,11.16,10.94,0.22,2.01,7202.21,7947.944,0.0734767025089606
424,424,603389.SH,20180706,10.98,11.07,10.77,10.94,11.0,-0.06,-0.55,8206.0,8967.232,0.1042047531992688
425,425,603389.SH,20180705,11.18,11.18,10.85,11.0,11.14,-0.14,-1.26,10647.8,11708.043,0.11818181818181825
426,426,603389.SH,20180704,11.12,11.27,11.06,11.14,11.21,-0.07,-0.62,10987.28,12246.854,0.07001795332136439
427,427,603389.SH,20180703,11.1,11.25,10.98,11.21,11.13,0.08,0.72,7624.59,8469.253,0.030330062444246193
428,428,603389.SH,20180702,11.3,11.3,11.05,11.13,11.17,-0.04,-0.36,6991.31,7779.398,0.03324348607367468
429,429,603389.SH,20180629,10.92,11.2,10.92,11.17,10.97,0.2,1.82,7806.57,8642.239,0.024171888988361645
430,430,603389.SH,20180628,11.05,11.18,10.95,11.05,11.05,0.0,0.0,3963.28,4377.469,0.031674208144796344
431,431,603389.SH,20180627,11.07,11.15,10.96,11.05,11.07,-0.02,-0.18,3519.0,3898.175,0.031674208144796344
432,432,603389.SH,20180626,10.81,11.09,10.81,11.07,11.05,0.02,0.18,5055.38,5562.648,0.03432700993676594
433,433,603389.SH,20180625,11.1,11.15,10.9,11.05,11.05,0.0,0.0,6031.0,6642.523,0.027149321266968226
434,434,603389.SH,20180622,10.69,11.08,10.61,11.05,11.09,-0.04,-0.36,12752.37,13908.058,0.02352941176470586
435,435,603389.SH,20180621,11.53,11.8,10.94,11.09,11.03,0.06,0.54,21476.0,24405.38,0.013525698827772801
436,436,603389.SH,20180620,10.88,11.13,10.55,11.03,10.91,0.12,1.1,14816.0,16010.383999999998,0.029918404351767913
437,437,603389.SH,20180619,11.2,11.3,10.44,10.91,11.29,-0.38,-3.37,23746.0,25934.509,0.052245646196150346
438,438,603389.SH,20180615,11.46,11.56,11.15,11.29,11.49,-0.2,-1.74,15845.28,17968.558999999997,-0.0008857395925597686
439,439,603389.SH,20180614,11.48,11.62,11.42,11.49,11.5,-0.01,-0.09,5768.0,6648.704000000001,-0.018276762402088847
440,440,603389.SH,20180613,11.57,11.67,11.42,11.5,11.67,-0.17,-1.46,10294.0,11872.636999999999,-0.01913043478260875
441,441,603389.SH,20180612,11.6,11.69,11.44,11.67,11.6,0.07,0.6,9633.0,11151.726,-0.04370179948586116
442,442,603389.SH,20180611,11.31,12.53,11.31,11.6,11.43,0.17,1.49,12087.9,14084.196000000002,-0.03534482758620691
443,443,603389.SH,20180608,11.52,11.66,11.35,11.43,11.61,-0.18,-1.55,14377.0,16486.749,-0.023622047244094453
444,444,603389.SH,20180607,11.8,11.8,11.58,11.61,11.72,-0.11,-0.94,11545.91,13464.829,-0.05770887166236003
445,445,603389.SH,20180606,11.84,11.84,11.6,11.72,11.77,-0.05,-0.42,10334.62,12103.558,-0.06143344709897616
446,446,603389.SH,20180605,11.65,11.8,11.56,11.77,11.66,0.11,0.94,12932.91,15107.662,-0.053525913338997366
447,447,603389.SH,20180604,11.95,12.18,11.6,11.66,12.13,-0.47,-3.87,30352.38,35731.981,-0.03859348198970834
448,448,603389.SH,20180601,12.22,12.84,11.85,12.13,12.18,-0.05,-0.41,51085.72,62705.71,-0.08244023083264633
449,449,603389.SH,20180531,11.71,12.2,11.71,12.18,11.71,0.47,4.01,23853.28,28664.196,-0.08292282430213463
450,450,603389.SH,20180530,11.92,12.05,11.67,11.71,12.13,-0.42,-3.46,38961.63,46274.369000000006,-0.056362083689154574
451,451,603389.SH,20180529,12.09,12.19,11.91,12.13,12.18,-0.05,-0.41,23532.0,28443.874,-0.08903544929925804
452,452,603389.SH,20180528,12.15,12.25,12.06,12.18,12.15,0.03,0.25,15795.32,19211.608,-0.09113300492610833
453,453,603389.SH,20180525,12.1,12.32,12.06,12.15,12.2,-0.05,-0.41,23735.0,28876.282000000003,-0.09053497942386828
454,454,603389.SH,20180524,12.01,12.28,11.96,12.2,12.04,0.16,1.33,17111.56,20792.012,-0.0942622950819671
455,455,603389.SH,20180523,12.08,12.44,11.94,12.04,12.04,0.0,0.0,38493.28,46885.062000000005,-0.07890365448504978
456,456,603389.SH,20180522,11.76,12.15,11.74,12.04,11.73,0.31,2.64,28639.38,34218.24,-0.08388704318936877
457,457,603389.SH,20180521,11.72,11.93,11.69,11.73,11.68,0.05,0.43,19595.45,23136.432,-0.06990622335890881
458,458,603389.SH,20180518,11.58,11.8,11.58,11.68,11.72,-0.04,-0.34,19534.45,22876.77,-0.03339041095890416
459,459,603389.SH,20180517,11.7,11.98,11.61,11.72,11.66,0.06,0.51,26479.72,31237.709,-0.019624573378839626
460,460,603389.SH,20180516,11.7,11.74,11.55,11.66,11.67,-0.01,-0.09,23227.0,27074.705,-0.013722126929674111
461,461,603389.SH,20180515,11.63,11.75,11.43,11.67,11.61,0.06,0.52,25607.31,29682.936,0.0
462,462,603389.SH,20180514,11.45,11.65,11.38,11.61,11.45,0.16,1.4,22967.0,26546.791,-0.0008613264427217732
463,463,603389.SH,20180511,11.49,11.6,11.33,11.45,11.52,-0.07,-0.61,31523.26,36095.93,-0.0017467248908296573
464,464,603389.SH,20180510,11.45,11.63,11.41,11.52,11.48,0.04,0.35,37078.31,42737.361,0.007812499999999988
465,465,603389.SH,20180509,11.16,11.55,11.16,11.48,11.26,0.22,1.95,40896.54,46560.325,0.020905923344947754
466,466,603389.SH,20180508,10.98,11.33,10.9,11.26,10.98,0.28,2.55,25326.0,28310.972,0.04529307282415629
467,467,603389.SH,20180507,10.76,11.06,10.74,10.98,10.74,0.24,2.23,12182.28,13319.536,0.061930783242258626
468,468,603389.SH,20180504,10.68,10.81,10.63,10.74,10.7,0.04,0.37,8540.0,9175.41,0.12942271880819373
469,469,603389.SH,20180503,10.7,10.81,10.36,10.7,10.71,-0.01,-0.09,12283.03,13007.616000000002,0.13831775700934584
470,470,603389.SH,20180502,10.9,10.9,10.66,10.71,10.81,-0.1,-0.93,9370.0,10075.489,0.09337068160597571
471,471,603389.SH,20180427,10.88,11.04,10.56,10.81,11.04,-0.23,-2.08,22870.29,24644.406000000003,0.12210915818686403
472,472,603389.SH,20180426,11.42,11.42,10.95,11.04,11.32,-0.28,-2.47,12384.0,13805.823,0.10326086956521745
473,473,603389.SH,20180425,11.1,11.42,11.05,11.32,11.14,0.18,1.62,20125.03,22665.627999999997,0.07332155477031803
474,474,603389.SH,20180424,10.94,11.22,10.83,11.14,10.79,0.35,3.24,19473.0,21502.04,0.09515260323159773
475,475,603389.SH,20180423,10.71,11.06,10.65,10.79,10.92,-0.13,-1.19,11003.0,11893.271,0.11584800741427248
476,476,603389.SH,20180420,11.29,11.36,10.8,10.92,11.29,-0.37,-3.28,16142.0,17807.752,0.10256410256410249
477,477,603389.SH,20180419,11.35,11.52,11.26,11.29,11.35,-0.06,-0.53,16642.0,18973.523999999998,0.03897254207263076
478,478,603389.SH,20180418,11.14,11.39,10.71,11.35,11.05,0.3,2.71,26227.46,29197.873,0.029074889867841416
479,479,603389.SH,20180417,11.28,11.58,10.22,11.05,11.36,-0.31,-2.73,26002.18,29425.695,0.06063348416289592
480,480,603389.SH,20180416,11.66,11.79,11.28,11.36,11.73,-0.37,-3.15,22309.0,25622.244,0.026408450704225418
481,481,603389.SH,20180413,11.86,11.95,11.63,11.73,11.88,-0.15,-1.26,21359.11,25142.322999999997,-0.005115089514066538
482,482,603389.SH,20180412,11.68,11.93,11.55,11.88,11.68,0.2,1.71,38823.76,45762.108,-0.02272727272727284
483,483,603389.SH,20180411,11.5,11.89,11.5,11.68,11.48,0.2,1.74,40978.46,47721.444,-0.019691780821917845
484,484,603389.SH,20180410,11.58,11.65,11.28,11.48,11.46,0.02,0.17,27739.18,31810.644,0.0034843205574912146
485,485,603389.SH,20180409,11.32,11.51,11.17,11.46,11.36,0.1,0.88,24861.7,28286.792999999998,0.001745200698080242
486,486,603389.SH,20180404,11.5,11.58,11.33,11.36,11.48,-0.12,-1.05,30135.0,34493.485,-0.00880281690140842
487,487,603389.SH,20180403,11.22,11.53,11.12,11.48,11.34,0.14,1.23,27234.0,30737.074,-0.04355400696864111
488,488,603389.SH,20180402,11.4,11.4,11.25,11.34,11.4,-0.06,-0.53,19929.67,22567.178,-0.05291005291005288
489,489,603389.SH,20180330,11.15,11.45,11.06,11.4,11.15,0.25,2.24,31325.31,35398.417,-0.06140350877192992
490,490,603389.SH,20180329,10.83,11.26,10.8,11.15,10.82,0.33,3.05,27117.31,30078.605,-0.039461883408071705
491,491,603389.SH,20180328,10.64,10.98,10.58,10.82,10.78,0.04,0.37,16826.95,18201.714,-0.0009242144177448971
492,492,603389.SH,20180327,10.55,10.84,10.52,10.78,10.47,0.31,2.96,15946.0,17105.854,0.024118738404452673
493,493,603389.SH,20180326,10.37,10.62,10.02,10.47,10.42,0.05,0.48,12642.0,13005.187,0.0811843361986628
494,494,603389.SH,20180323,11.12,11.29,10.22,10.42,11.35,-0.93,-8.19,22921.83,24635.708,0.06909788867562386
495,495,603389.SH,20180322,11.28,11.41,11.19,11.35,11.26,0.09,0.8,12643.0,14279.708,-0.04933920704845819
496,496,603389.SH,20180321,11.39,11.65,11.23,11.26,11.39,-0.13,-1.14,16488.28,18901.733,-0.030195381882770857
497,497,603389.SH,20180320,11.4,11.48,11.23,11.39,11.49,-0.1,-0.87,13210.28,14997.221000000001,-0.008779631255487395
498,498,603389.SH,20180319,11.12,11.77,11.12,11.49,11.2,0.29,2.59,25942.0,29672.935,-0.012184508268059231
499,499,603389.SH,20180316,11.04,11.31,11.04,11.2,11.12,0.08,0.72,12878.0,14430.806,-0.013392857142857017
500,500,603389.SH,20180315,11.26,11.26,10.88,11.12,11.36,-0.24,-2.11,22323.28,24732.9,0.021582733812949662
501,501,603389.SH,20180314,11.4,11.46,11.19,11.36,11.47,-0.11,-0.96,23648.56,26813.644,0.032570422535211356
502,502,603389.SH,20180313,11.32,11.67,11.22,11.47,11.37,0.1,0.88,32350.56,37123.011,0.03574542284219705
503,503,603389.SH,20180312,11.29,11.44,11.29,11.37,11.29,0.08,0.71,20606.52,23377.683999999997,0.02726473175021992
504,504,603389.SH,20180309,11.18,11.45,11.08,11.29,11.21,0.08,0.71,22925.28,25780.1,0.016829052258636075
505,505,603389.SH,20180308,10.89,11.36,10.84,11.21,10.89,0.32,2.94,27260.41,30284.144,0.02230151650312221
506,506,603389.SH,20180307,11.04,11.04,10.8,10.89,11.02,-0.13,-1.18,14326.67,15622.23,0.043158861340679415
507,507,603389.SH,20180306,10.82,11.15,10.82,11.02,10.89,0.13,1.19,15610.13,17176.106,0.04174228675136124
508,508,603389.SH,20180305,10.76,10.99,10.68,10.89,10.74,0.15,1.4,15860.0,17141.843,0.04132231404958671
509,509,603389.SH,20180302,10.73,10.82,10.7,10.74,10.82,-0.08,-0.74,9408.0,10115.113000000001,0.06145251396648046
510,510,603389.SH,20180301,10.7,10.86,10.67,10.82,10.79,0.03,0.28,13425.31,14486.956,0.03049907578558226
511,511,603389.SH,20180228,10.75,10.8,10.65,10.79,10.81,-0.02,-0.19,7900.52,8472.175,0.002780352177942645
512,512,603389.SH,20180227,10.75,10.86,10.67,10.81,10.8,0.01,0.09,11556.52,12436.431999999999,-0.0027752081406106507
513,513,603389.SH,20180226,10.48,10.89,10.41,10.8,10.42,0.38,3.65,16617.28,17677.1,-0.03055555555555556
514,514,603389.SH,20180223,10.39,10.59,10.36,10.42,10.39,0.03,0.29,6752.0,7025.380999999999,0.0
515,515,603389.SH,20180222,10.2,10.49,10.2,10.39,10.13,0.26,2.57,9087.39,9407.578000000001,0.09239653512993254
516,516,603389.SH,20180214,10.14,10.2,10.06,10.13,10.12,0.01,0.1,3933.0,3982.9770000000003,0.11154985192497521
517,517,603389.SH,20180213,10.28,10.32,10.1,10.12,10.24,-0.12,-1.17,10228.0,10482.081,0.1254940711462452
518,518,603389.SH,20180212,10.05,10.31,10.05,10.24,9.99,0.25,2.5,8089.52,8264.125,0.1220703125
519,519,603389.SH,20180209,10.14,10.18,9.89,9.99,10.38,-0.39,-3.76,13625.39,13678.496000000001,0.12112112112112103
520,520,603389.SH,20180208,10.06,10.6,10.06,10.38,10.12,0.26,2.57,17157.69,17736.156000000003,0.07129094412331391
521,521,603389.SH,20180207,10.12,10.34,9.88,10.12,9.93,0.19,1.91,16015.6,16157.646999999999,0.12252964426877473
522,522,603389.SH,20180206,10.6,10.61,9.91,9.93,10.77,-0.84,-7.8,19115.0,19678.745,0.15508559919436063
523,523,603389.SH,20180205,10.73,10.9,10.69,10.77,10.9,-0.13,-1.19,7572.0,8190.089,0.05571030640668521
524,524,603389.SH,20180202,11.17,11.2,10.66,10.9,11.21,-0.31,-2.77,14922.0,16310.46,0.03577981651376136
525,525,603389.SH,20180201,11.82,12.0,11.1,11.21,11.83,-0.62,-5.24,23721.28,27460.96,0.0
526,526,603389.SH,20180131,12.28,12.31,11.71,11.83,12.26,-0.43,-3.51,20720.0,24926.846,-0.07945900253592557
527,527,603389.SH,20180130,12.2,12.29,12.11,12.26,12.19,0.07,0.57,9487.28,11585.231000000002,-0.10114192495921699
528,528,603389.SH,20180129,12.3,12.34,12.08,12.19,12.32,-0.13,-1.06,16704.09,20368.299,-0.10664479081214101
529,529,603389.SH,20180126,12.39,12.49,12.31,12.32,12.43,-0.11,-0.89,14665.72,18134.151,-0.12824675324675325
530,530,603389.SH,20180125,12.55,12.58,12.42,12.43,12.53,-0.1,-0.8,16266.0,20375.348,-0.1295253419147224
531,531,603389.SH,20180124,12.42,12.59,12.4,12.53,12.52,0.01,0.08,17115.01,21423.338,-0.13886671987230648
532,532,603389.SH,20180123,12.4,12.68,12.4,12.52,12.46,0.06,0.48,19044.72,23888.263,-0.13658146964856224
533,533,603389.SH,20180122,12.33,12.47,12.21,12.46,12.39,0.07,0.57,18865.0,23296.815,-0.1332263242375602
534,534,603389.SH,20180119,12.56,12.65,12.35,12.39,12.57,-0.18,-1.43,19069.0,23858.159,-0.15899919289749803
535,535,603389.SH,20180118,12.56,12.76,12.49,12.57,12.65,-0.08,-0.63,20679.63,26051.495,-0.17342879872712805
536,536,603389.SH,20180117,12.42,12.88,12.3,12.65,12.4,0.25,2.02,28133.0,35322.546,-0.19920948616600787
537,537,603389.SH,20180116,12.2,12.5,12.2,12.4,12.31,0.09,0.73,20668.63,25610.702999999998,-0.18387096774193556
538,538,603389.SH,20180115,12.91,12.95,12.25,12.31,13.09,-0.78,-5.96,37418.12,46931.098,-0.16815597075548336
539,539,603389.SH,20180112,13.28,13.28,12.99,13.09,13.6,-0.51,-3.75,61616.79,80784.018,-0.23682200152788385
540,540,603389.SH,20180111,13.85,14.1,13.41,13.6,13.06,0.54,4.13,127535.58,175784.09399999998,-0.23676470588235288
541,541,603389.SH,20180110,13.06,13.11,12.72,13.06,13.1,-0.04,-0.31,28548.75,36836.174,-0.22511485451761112
542,542,603389.SH,20180109,12.92,13.33,12.81,13.1,12.93,0.17,1.31,47210.75,61951.765,-0.24198473282442748
543,543,603389.SH,20180108,12.88,12.95,12.69,12.93,12.89,0.04,0.31,18817.75,24116.182999999997,-0.16705336426914155
544,544,603389.SH,20180105,12.75,12.97,12.71,12.89,12.79,0.1,0.78,24260.82,31203.542,-0.1543832428238945
545,545,603389.SH,20180104,12.87,12.87,12.73,12.79,12.87,-0.08,-0.62,14957.0,19123.252,-0.12353401094605147
546,546,603389.SH,20180103,12.77,12.98,12.68,12.87,12.82,0.05,0.39,23148.75,29756.273999999998,-0.08080808080808075
547,547,603389.SH,20180102,12.77,12.9,12.51,12.82,12.77,0.05,0.39,21785.0,27804.605,-0.04368174726989083
