,ts_code,trade_date,open,high,low,close,pre_close,change,pct_chg,vol,amount
0,600982.SH,20200403,2.7,2.73,2.69,2.7,2.72,-0.02,-0.7353,23470.13,6352.114
1,600982.SH,20200402,2.66,2.72,2.65,2.72,2.67,0.05,1.8727,27011.6,7267.663
2,600982.SH,20200401,2.67,2.71,2.67,2.67,2.67,0.0,0.0,25126.72,6758.706
3,600982.SH,20200331,2.71,2.71,2.66,2.67,2.69,-0.02,-0.7435,31181.72,8369.357
4,600982.SH,20200330,2.73,2.73,2.66,2.69,2.75,-0.06,-2.1818,35809.5,9601.763
5,600982.SH,20200327,2.74,2.78,2.72,2.75,2.72,0.03,1.1029,44954.57,12339.298
6,600982.SH,20200326,2.76,2.76,2.71,2.72,2.77,-0.05,-1.8051,27875.6,7618.287
7,600982.SH,20200325,2.75,2.79,2.73,2.77,2.73,0.04,1.4652,44255.0,12184.477
8,600982.SH,20200324,2.69,2.73,2.68,2.73,2.68,0.05,1.8657,25991.59,7038.319
9,600982.SH,20200323,2.7,2.72,2.66,2.68,2.75,-0.07,-2.5455,29204.51,7854.876
10,600982.SH,20200320,2.73,2.75,2.7,2.75,2.71,0.04,1.476,25934.0,7072.05
11,600982.SH,20200319,2.69,2.73,2.67,2.71,2.72,-0.01,-0.3676,34037.0,9200.46
12,600982.SH,20200318,2.75,2.8,2.7,2.72,2.75,-0.03,-1.0909,36254.0,9983.885
13,600982.SH,20200317,2.75,2.78,2.68,2.75,2.75,0.0,0.0,46220.04,12617.642
14,600982.SH,20200316,2.86,2.87,2.75,2.75,2.84,-0.09,-3.169,40577.51,11445.129
15,600982.SH,20200313,2.78,2.85,2.72,2.84,2.87,-0.03,-1.0453,52478.5,14666.784
16,600982.SH,20200312,2.88,2.88,2.83,2.87,2.9,-0.03,-1.0345,41909.0,11953.787
17,600982.SH,20200311,2.89,2.98,2.88,2.9,2.89,0.01,0.346,60201.0,17640.55
18,600982.SH,20200310,2.8,2.91,2.77,2.89,2.82,0.07,2.4823,65294.01,18517.548
19,600982.SH,20200309,2.89,2.91,2.82,2.82,2.93,-0.11,-3.7543,52000.5,14874.933
20,600982.SH,20200306,2.89,2.95,2.86,2.93,2.91,0.02,0.6873,64677.43,18796.726
21,600982.SH,20200305,2.9,2.93,2.88,2.91,2.88,0.03,1.0417,66260.58,19281.276
22,600982.SH,20200304,2.79,2.89,2.77,2.88,2.79,0.09,3.2258,88189.13,25056.929
23,600982.SH,20200303,2.78,2.85,2.77,2.79,2.75,0.04,1.4545,72391.11,20283.91
24,600982.SH,20200302,2.69,2.77,2.68,2.75,2.68,0.07,2.6119,45031.51,12360.988
25,600982.SH,20200228,2.76,2.8,2.68,2.68,2.81,-0.13,-4.6263,65855.0,17981.85
26,600982.SH,20200227,2.78,2.82,2.77,2.81,2.78,0.03,1.0791,46194.2,12910.324
27,600982.SH,20200226,2.73,2.82,2.71,2.78,2.74,0.04,1.4599,68979.7,19224.416
28,600982.SH,20200225,2.76,2.76,2.66,2.74,2.79,-0.05,-1.7921,67628.0,18416.681
29,600982.SH,20200224,2.79,2.8,2.77,2.79,2.81,-0.02,-0.7117,49141.5,13699.112
30,600982.SH,20200221,2.82,2.83,2.79,2.81,2.82,-0.01,-0.3546,55482.53,15590.764
31,600982.SH,20200220,2.76,2.83,2.76,2.82,2.76,0.06,2.1739,59415.14,16638.442
32,600982.SH,20200219,2.77,2.79,2.75,2.76,2.78,-0.02,-0.7194,36579.03,10133.242
33,600982.SH,20200218,2.75,2.79,2.72,2.78,2.75,0.03,1.0909,63516.71,17503.735
34,600982.SH,20200217,2.7,2.75,2.7,2.75,2.71,0.04,1.476,78620.61,21456.391
35,600982.SH,20200214,2.7,2.73,2.69,2.71,2.71,0.0,0.0,23694.5,6423.982
36,600982.SH,20200213,2.73,2.74,2.7,2.71,2.73,-0.02,-0.7326,30595.0,8301.539
37,600982.SH,20200212,2.7,2.74,2.69,2.73,2.71,0.02,0.738,25106.03,6823.572
38,600982.SH,20200211,2.72,2.75,2.7,2.71,2.72,-0.01,-0.3676,35766.0,9723.864
39,600982.SH,20200210,2.63,2.73,2.63,2.72,2.65,0.07,2.6415,73543.77,19766.808
40,600982.SH,20200207,2.65,2.66,2.61,2.65,2.66,-0.01,-0.3759,45148.12,11887.816
41,600982.SH,20200206,2.64,2.68,2.61,2.66,2.64,0.02,0.7576,43265.62,11435.843
42,600982.SH,20200205,2.62,2.68,2.61,2.64,2.61,0.03,1.1494,36098.12,9544.671
43,600982.SH,20200204,2.52,2.68,2.51,2.61,2.65,-0.04,-1.5094,54736.0,14374.344
44,600982.SH,20200203,2.65,2.68,2.65,2.65,2.94,-0.29,-9.8639,53722.0,14256.511
45,600982.SH,20200123,2.99,3.0,2.9,2.94,3.0,-0.06,-2.0,46399.0,13667.443
46,600982.SH,20200122,3.0,3.0,2.96,3.0,2.99,0.01,0.3344,24834.53,7402.211
47,600982.SH,20200121,3.01,3.02,2.98,2.99,3.02,-0.03,-0.9934,18769.0,5620.944
48,600982.SH,20200120,2.99,3.02,2.98,3.02,2.99,0.03,1.0033,24013.0,7197.882
49,600982.SH,20200117,3.0,3.02,2.99,2.99,3.0,-0.01,-0.3333,22173.95,6657.623
50,600982.SH,20200116,3.03,3.04,3.0,3.0,3.03,-0.03,-0.9901,23321.0,7040.66
51,600982.SH,20200115,3.06,3.07,3.02,3.03,3.06,-0.03,-0.9804,26294.0,7994.569
52,600982.SH,20200114,3.06,3.07,3.05,3.06,3.05,0.01,0.3279,30219.0,9242.82
53,600982.SH,20200113,3.05,3.06,3.02,3.05,3.05,0.0,0.0,32252.35,9812.753
54,600982.SH,20200110,3.07,3.08,3.04,3.05,3.07,-0.02,-0.6515,27253.53,8327.612
55,600982.SH,20200109,3.06,3.08,3.05,3.07,3.05,0.02,0.6557,44244.5,13548.069
56,600982.SH,20200108,3.08,3.09,3.04,3.05,3.08,-0.03,-0.974,47357.0,14506.414
57,600982.SH,20200107,3.07,3.09,3.06,3.08,3.07,0.01,0.3257,43805.71,13496.069
58,600982.SH,20200106,3.06,3.09,3.04,3.07,3.07,0.0,0.0,49173.2,15057.798
59,600982.SH,20200103,3.07,3.07,3.04,3.07,3.06,0.01,0.3268,32061.0,9802.535
60,600982.SH,20200102,3.03,3.07,3.03,3.06,3.02,0.04,1.3245,61630.3,18785.62
61,600982.SH,20191231,3.01,3.03,3.0,3.02,3.02,0.0,0.0,23803.5,7170.67
62,600982.SH,20191230,2.99,3.02,2.97,3.02,3.01,0.01,0.3322,33512.12,10052.156
63,600982.SH,20191227,3.03,3.03,3.0,3.01,3.01,0.0,0.0,33834.0,10188.264
64,600982.SH,20191226,3.0,3.02,2.99,3.01,3.01,0.0,0.0,23556.03,7075.539
65,600982.SH,20191225,3.01,3.03,3.0,3.01,3.01,0.0,0.0,21185.0,6381.059
66,600982.SH,20191224,2.97,3.02,2.97,3.01,2.98,0.03,1.0067,21895.33,6564.856
67,600982.SH,20191223,3.02,3.04,2.98,2.98,3.04,-0.06,-1.9737,45850.0,13782.711
68,600982.SH,20191220,3.1,3.19,3.04,3.04,3.03,0.01,0.33,121776.65,37635.325
69,600982.SH,20191219,3.0,3.04,2.99,3.03,3.0,0.03,1.0,30273.9,9131.131
70,600982.SH,20191218,3.01,3.02,2.99,3.0,3.01,-0.01,-0.3322,34726.66,10429.087
71,600982.SH,20191217,2.98,3.03,2.96,3.01,2.99,0.02,0.6689,44105.03,13215.102
72,600982.SH,20191216,2.97,2.99,2.96,2.99,2.96,0.03,1.0135,20208.0,6011.528
73,600982.SH,20191213,2.96,2.97,2.94,2.96,2.94,0.02,0.6803,16919.66,4998.279
74,600982.SH,20191212,2.95,2.97,2.93,2.94,2.97,-0.03,-1.0101,11709.16,3450.328
75,600982.SH,20191211,2.94,2.98,2.94,2.97,2.96,0.01,0.3378,15932.0,4714.477
76,600982.SH,20191210,2.96,2.96,2.93,2.96,2.95,0.01,0.339,12484.6,3682.706
77,600982.SH,20191209,2.95,2.97,2.94,2.95,2.95,0.0,0.0,14335.0,4240.152
78,600982.SH,20191206,2.94,2.96,2.93,2.95,2.94,0.01,0.3401,13428.27,3957.15
79,600982.SH,20191205,2.93,2.95,2.93,2.94,2.93,0.01,0.3413,15318.25,4504.458
80,600982.SH,20191204,2.92,2.93,2.89,2.93,2.93,0.0,0.0,17385.25,5067.447
81,600982.SH,20191203,2.9,2.93,2.88,2.93,2.92,0.01,0.3425,19711.36,5722.448
82,600982.SH,20191202,2.91,2.95,2.9,2.92,2.92,0.0,0.0,18640.78,5464.008
83,600982.SH,20191129,2.93,2.93,2.9,2.92,2.93,-0.01,-0.3413,10638.0,3098.515
84,600982.SH,20191128,2.93,2.94,2.9,2.93,2.93,0.0,0.0,15280.0,4461.2
85,600982.SH,20191127,2.94,2.95,2.91,2.93,2.95,-0.02,-0.678,10473.0,3073.249
86,600982.SH,20191126,2.96,2.96,2.93,2.95,2.96,-0.01,-0.3378,8792.56,2590.921
87,600982.SH,20191125,2.92,2.96,2.91,2.96,2.92,0.04,1.3699,17475.56,5128.614
88,600982.SH,20191122,2.92,2.96,2.91,2.92,2.93,-0.01,-0.3413,13042.0,3820.137
89,600982.SH,20191121,2.92,2.94,2.9,2.93,2.92,0.01,0.3425,7431.55,2172.1
90,600982.SH,20191120,2.94,2.94,2.91,2.92,2.94,-0.02,-0.6803,8461.5,2477.071
91,600982.SH,20191119,2.9,2.95,2.87,2.94,2.89,0.05,1.7301,26688.69,7805.427
92,600982.SH,20191118,2.86,2.89,2.86,2.89,2.86,0.03,1.049,13381.0,3846.55
93,600982.SH,20191115,2.92,2.92,2.85,2.86,2.91,-0.05,-1.7182,20349.63,5859.928
94,600982.SH,20191114,2.91,2.93,2.9,2.91,2.91,0.0,0.0,10512.0,3062.857
95,600982.SH,20191113,2.93,2.93,2.9,2.91,2.93,-0.02,-0.6826,14111.19,4118.474
96,600982.SH,20191112,2.93,2.93,2.9,2.93,2.92,0.01,0.3425,17084.0,4969.176
97,600982.SH,20191111,2.99,3.0,2.91,2.92,3.0,-0.08,-2.6667,27627.79,8120.796
98,600982.SH,20191108,3.01,3.02,2.99,3.0,3.0,0.0,0.0,16059.0,4821.817
99,600982.SH,20191107,3.02,3.02,2.98,3.0,3.01,-0.01,-0.3322,27425.0,8220.772
100,600982.SH,20191106,3.0,3.02,2.99,3.01,3.01,0.0,0.0,20428.65,6132.457
101,600982.SH,20191105,3.0,3.02,2.99,3.01,3.01,0.0,0.0,18350.0,5515.565
102,600982.SH,20191104,3.02,3.03,3.0,3.01,3.02,-0.01,-0.3311,22208.0,6692.244
103,600982.SH,20191101,3.0,3.03,2.99,3.02,3.0,0.02,0.6667,17964.44,5408.392
104,600982.SH,20191031,3.01,3.03,2.99,3.0,3.01,-0.01,-0.3322,24360.6,7329.357
105,600982.SH,20191030,3.04,3.04,3.0,3.01,3.04,-0.03,-0.9868,33466.57,10083.382
106,600982.SH,20191029,3.07,3.08,3.03,3.04,3.07,-0.03,-0.9772,27575.0,8421.176
107,600982.SH,20191028,3.05,3.09,3.05,3.07,3.06,0.01,0.3268,25287.15,7773.889
108,600982.SH,20191025,3.04,3.07,3.03,3.06,3.05,0.01,0.3279,28051.32,8549.536
109,600982.SH,20191024,3.03,3.05,3.02,3.05,3.04,0.01,0.3289,22527.55,6841.586
110,600982.SH,20191023,3.05,3.06,3.02,3.04,3.05,-0.01,-0.3279,20203.0,6147.232
111,600982.SH,20191022,3.04,3.06,3.02,3.05,3.03,0.02,0.6601,24103.61,7322.308
112,600982.SH,20191021,3.03,3.04,3.01,3.03,3.05,-0.02,-0.6557,26237.04,7938.109
113,600982.SH,20191018,3.08,3.1,3.03,3.05,3.08,-0.03,-0.974,18864.5,5765.191
114,600982.SH,20191017,3.1,3.11,3.07,3.08,3.09,-0.01,-0.3236,18969.0,5865.57
115,600982.SH,20191016,3.11,3.12,3.08,3.09,3.11,-0.02,-0.6431,15047.0,4671.821
116,600982.SH,20191015,3.12,3.12,3.09,3.11,3.13,-0.02,-0.639,19046.5,5909.552
117,600982.SH,20191014,3.1,3.14,3.09,3.13,3.08,0.05,1.6234,34045.65,10611.346
118,600982.SH,20191011,3.08,3.1,3.06,3.08,3.07,0.01,0.3257,13551.0,4173.467
119,600982.SH,20191010,3.06,3.09,3.05,3.07,3.06,0.01,0.3268,13913.58,4274.317
120,600982.SH,20191009,3.03,3.06,3.01,3.06,3.03,0.03,0.9901,12080.94,3674.66
121,600982.SH,20191008,3.05,3.06,3.02,3.03,3.04,-0.01,-0.3289,12927.71,3937.623
122,600982.SH,20190930,3.04,3.06,3.03,3.04,3.05,-0.01,-0.3279,13386.0,4071.652
123,600982.SH,20190927,3.04,3.07,3.04,3.05,3.05,0.0,0.0,20158.0,6152.409
124,600982.SH,20190926,3.11,3.11,3.03,3.05,3.09,-0.04,-1.2945,29281.0,8969.747
125,600982.SH,20190925,3.13,3.13,3.08,3.09,3.14,-0.05,-1.5924,25420.0,7854.398
126,600982.SH,20190924,3.13,3.17,3.12,3.14,3.13,0.01,0.3195,22140.58,6949.799
127,600982.SH,20190923,3.18,3.18,3.11,3.13,3.17,-0.04,-1.2618,24785.66,7753.209
128,600982.SH,20190920,3.16,3.19,3.15,3.17,3.17,0.0,0.0,20076.0,6366.779
129,600982.SH,20190919,3.16,3.18,3.13,3.17,3.15,0.02,0.6349,27300.0,8605.657
130,600982.SH,20190918,3.17,3.18,3.14,3.15,3.16,-0.01,-0.3165,21333.0,6745.762
131,600982.SH,20190917,3.23,3.23,3.15,3.16,3.22,-0.06,-1.8634,36447.5,11561.695
132,600982.SH,20190916,3.23,3.25,3.2,3.22,3.22,0.0,0.0,30429.0,9837.897
133,600982.SH,20190912,3.21,3.24,3.19,3.22,3.19,0.03,0.9404,36171.0,11630.477
134,600982.SH,20190911,3.22,3.23,3.19,3.19,3.21,-0.02,-0.6231,32004.0,10276.21
135,600982.SH,20190910,3.21,3.22,3.18,3.21,3.21,0.0,0.0,39038.23,12508.63
136,600982.SH,20190909,3.19,3.22,3.18,3.21,3.18,0.03,0.9434,45650.5,14593.559
137,600982.SH,20190906,3.19,3.21,3.15,3.18,3.19,-0.01,-0.3135,29646.0,9413.08
138,600982.SH,20190905,3.16,3.22,3.15,3.19,3.16,0.03,0.9494,54808.0,17517.768
139,600982.SH,20190904,3.14,3.17,3.13,3.16,3.15,0.01,0.3175,24818.25,7813.355
140,600982.SH,20190903,3.13,3.17,3.12,3.15,3.14,0.01,0.3185,30597.0,9603.349
141,600982.SH,20190902,3.11,3.14,3.11,3.14,3.08,0.06,1.9481,30571.01,9560.617
142,600982.SH,20190830,3.14,3.15,3.07,3.08,3.12,-0.04,-1.2821,21958.0,6821.737
143,600982.SH,20190829,3.14,3.16,3.11,3.12,3.13,-0.01,-0.3195,31387.15,9859.294
144,600982.SH,20190828,3.11,3.15,3.1,3.13,3.11,0.02,0.6431,40817.0,12783.594
145,600982.SH,20190827,3.07,3.12,3.07,3.11,3.06,0.05,1.634,31644.81,9825.743
146,600982.SH,20190826,3.09,3.09,3.03,3.06,3.12,-0.06,-1.9231,26074.66,7980.518
147,600982.SH,20190823,3.12,3.13,3.1,3.12,3.12,0.0,0.0,15138.97,4708.61
148,600982.SH,20190822,3.12,3.13,3.09,3.12,3.12,0.0,0.0,15141.95,4707.704
149,600982.SH,20190821,3.12,3.14,3.1,3.12,3.13,-0.01,-0.3195,21870.02,6835.627
150,600982.SH,20190820,3.12,3.14,3.1,3.13,3.13,0.0,0.0,33945.01,10601.586
151,600982.SH,20190819,3.08,3.14,3.07,3.13,3.07,0.06,1.9544,29907.26,9308.804
152,600982.SH,20190816,3.06,3.09,3.05,3.07,3.06,0.01,0.3268,18096.25,5568.152
153,600982.SH,20190815,3.04,3.07,3.0,3.06,3.07,-0.01,-0.3257,18611.0,5645.124
154,600982.SH,20190814,3.08,3.09,3.06,3.07,3.05,0.02,0.6557,12425.28,3820.833
155,600982.SH,20190813,3.06,3.07,3.03,3.05,3.08,-0.03,-0.974,12887.73,3930.164
156,600982.SH,20190812,3.05,3.08,3.03,3.08,3.05,0.03,0.9836,17930.0,5486.5
157,600982.SH,20190809,3.08,3.15,3.03,3.05,3.07,-0.02,-0.6515,31886.5,9859.289
158,600982.SH,20190808,3.04,3.08,3.04,3.07,3.04,0.03,0.9868,13460.13,4118.31
159,600982.SH,20190807,3.03,3.09,3.02,3.04,3.03,0.01,0.33,26869.0,8202.113
160,600982.SH,20190806,3.07,3.09,3.0,3.03,3.11,-0.08,-2.5723,38037.5,11584.006
161,600982.SH,20190805,3.14,3.15,3.1,3.11,3.15,-0.04,-1.2698,20602.5,6430.18
162,600982.SH,20190802,3.19,3.19,3.13,3.15,3.22,-0.07,-2.1739,38079.42,11993.529
163,600982.SH,20190801,3.24,3.25,3.18,3.22,3.25,-0.03,-0.9231,38018.5,12217.017
164,600982.SH,20190731,3.27,3.27,3.24,3.25,3.27,-0.02,-0.6116,11903.0,3872.876
165,600982.SH,20190730,3.25,3.29,3.24,3.27,3.25,0.02,0.6154,19919.28,6519.324
166,600982.SH,20190729,3.26,3.28,3.24,3.25,3.28,-0.03,-0.9146,17652.62,5747.895
167,600982.SH,20190726,3.28,3.28,3.25,3.28,3.27,0.01,0.3058,16918.0,5524.43
168,600982.SH,20190725,3.27,3.28,3.25,3.27,3.27,0.0,0.0,12096.52,3951.078
169,600982.SH,20190724,3.26,3.29,3.24,3.27,3.25,0.02,0.6154,20891.6,6828.161
170,600982.SH,20190723,3.25,3.25,3.23,3.25,3.23,0.02,0.6192,12164.18,3942.215
171,600982.SH,20190722,3.3,3.32,3.21,3.23,3.31,-0.08,-2.4169,24543.0,7977.935
172,600982.SH,20190719,3.32,3.33,3.29,3.31,3.29,0.02,0.6079,15293.5,5070.094
173,600982.SH,20190718,3.34,3.34,3.29,3.29,3.34,-0.05,-1.497,23359.0,7716.63
174,600982.SH,20190717,3.35,3.37,3.34,3.34,3.36,-0.02,-0.5952,18354.0,6148.718
175,600982.SH,20190716,3.36,3.36,3.33,3.36,3.35,0.01,0.2985,18824.0,6299.357
176,600982.SH,20190715,3.34,3.37,3.3,3.35,3.34,0.01,0.2994,25533.0,8534.041
177,600982.SH,20190712,3.32,3.35,3.31,3.34,3.33,0.01,0.3003,18627.5,6215.031
178,600982.SH,20190711,3.36,3.36,3.31,3.33,3.33,0.0,0.0,17113.0,5710.634
179,600982.SH,20190710,3.37,3.37,3.32,3.33,3.36,-0.03,-0.8929,14561.0,4873.412
180,600982.SH,20190709,3.36,3.39,3.33,3.36,3.37,-0.01,-0.2967,22796.0,7644.432
181,600982.SH,20190708,3.46,3.46,3.35,3.37,3.48,-0.11,-3.1609,44893.0,15177.573
182,600982.SH,20190705,3.46,3.49,3.41,3.48,3.49,-0.01,-0.2865,45417.0,15690.676
183,600982.SH,20190704,3.46,3.62,3.43,3.49,3.45,0.04,1.1594,94390.03,33236.446
184,600982.SH,20190703,3.45,3.46,3.41,3.45,3.45,0.0,0.0,35941.0,12335.307
185,600982.SH,20190702,3.46,3.47,3.43,3.45,3.46,-0.01,-0.289,38550.0,13294.721
186,600982.SH,20190701,3.44,3.47,3.41,3.46,3.4,0.06,1.7647,59638.05,20542.98
187,600982.SH,20190628,3.42,3.51,3.38,3.4,3.42,-0.02,-0.5848,63774.46,21961.546
188,600982.SH,20190627,3.41,3.46,3.4,3.42,3.42,0.0,0.0,38939.5,13350.221
189,600982.SH,20190626,3.42,3.45,3.38,3.42,3.43,-0.01,-0.2915,23815.0,8144.069
190,600982.SH,20190625,3.45,3.48,3.37,3.43,3.47,-0.04,-1.1527,39113.81,13350.188
191,600982.SH,20190624,3.46,3.5,3.45,3.47,3.44,0.03,0.8721,49580.23,17198.493
192,600982.SH,20190621,3.49,3.53,3.47,3.51,3.47,0.04,1.1527,54676.31,19187.408
193,600982.SH,20190620,3.41,3.48,3.4,3.47,3.42,0.05,1.462,46276.06,15987.779
194,600982.SH,20190619,3.42,3.47,3.41,3.42,3.38,0.04,1.1834,31391.81,10774.288
195,600982.SH,20190618,3.4,3.41,3.36,3.38,3.4,-0.02,-0.5882,19985.04,6772.453
196,600982.SH,20190617,3.38,3.41,3.36,3.4,3.36,0.04,1.1905,24460.0,8300.579
197,600982.SH,20190614,3.43,3.45,3.34,3.36,3.42,-0.06,-1.7544,35600.0,12120.855
198,600982.SH,20190613,3.38,3.43,3.38,3.42,3.39,0.03,0.885,26426.6,9002.766
199,600982.SH,20190612,3.42,3.43,3.38,3.39,3.42,-0.03,-0.8772,18201.25,6204.594
200,600982.SH,20190611,3.33,3.43,3.32,3.42,3.32,0.1,3.012,34116.22,11561.837
201,600982.SH,20190610,3.3,3.33,3.29,3.32,3.28,0.04,1.2195,18601.6,6165.978
202,600982.SH,20190606,3.35,3.36,3.28,3.28,3.35,-0.07,-2.0896,31611.08,10456.821
203,600982.SH,20190605,3.37,3.4,3.35,3.35,3.35,0.0,0.0,30867.0,10413.728
204,600982.SH,20190604,3.41,3.42,3.34,3.35,3.41,-0.06,-1.7595,34161.01,11495.082
205,600982.SH,20190603,3.47,3.48,3.4,3.41,3.46,-0.05,-1.4451,36848.5,12616.825
206,600982.SH,20190531,3.49,3.5,3.43,3.46,3.48,-0.02,-0.5747,34947.8,12121.588
207,600982.SH,20190530,3.48,3.5,3.42,3.48,3.51,-0.03,-0.8547,38669.24,13367.991
208,600982.SH,20190529,3.51,3.52,3.48,3.51,3.51,0.0,0.0,28632.7,10033.317
209,600982.SH,20190528,3.52,3.58,3.49,3.51,3.5,0.01,0.2857,39070.03,13827.463
210,600982.SH,20190527,3.44,3.52,3.43,3.5,3.44,0.06,1.7442,32657.0,11364.192
211,600982.SH,20190524,3.43,3.47,3.42,3.44,3.45,-0.01,-0.2899,25831.0,8887.447
212,600982.SH,20190523,3.54,3.54,3.44,3.45,3.53,-0.08,-2.2663,30607.0,10628.617
213,600982.SH,20190522,3.55,3.6,3.51,3.53,3.55,-0.02,-0.5634,29399.0,10428.398
214,600982.SH,20190521,3.5,3.57,3.48,3.55,3.5,0.05,1.4286,32939.01,11643.293
215,600982.SH,20190520,3.56,3.56,3.43,3.5,3.52,-0.02,-0.5682,30867.39,10717.502
216,600982.SH,20190517,3.63,3.65,3.5,3.52,3.61,-0.09,-2.4931,49305.62,17584.562
217,600982.SH,20190516,3.58,3.63,3.56,3.61,3.6,0.01,0.2778,40074.7,14438.721
218,600982.SH,20190515,3.54,3.62,3.54,3.6,3.53,0.07,1.983,44276.23,15847.863
219,600982.SH,20190514,3.5,3.57,3.49,3.53,3.55,-0.02,-0.5634,45240.38,16011.224
220,600982.SH,20190513,3.55,3.57,3.53,3.55,3.58,-0.03,-0.838,39049.0,13865.1
221,600982.SH,20190510,3.5,3.59,3.49,3.58,3.51,0.07,1.9943,54312.58,19311.964
222,600982.SH,20190509,3.48,3.54,3.48,3.51,3.51,0.0,0.0,31357.61,10995.752
223,600982.SH,20190508,3.46,3.56,3.42,3.51,3.52,-0.01,-0.2841,52376.7,18397.143
224,600982.SH,20190507,3.47,3.53,3.45,3.52,3.46,0.06,1.7341,47823.0,16737.64
225,600982.SH,20190506,3.64,3.64,3.4,3.46,3.66,-0.2,-5.4645,90149.02,31611.241
226,600982.SH,20190430,3.57,3.7,3.57,3.66,3.58,0.08,2.2346,54829.54,20074.427
227,600982.SH,20190429,3.74,3.75,3.54,3.58,3.74,-0.16,-4.2781,82123.54,29851.56
228,600982.SH,20190426,3.77,3.79,3.73,3.74,3.77,-0.03,-0.7958,59370.5,22323.689
229,600982.SH,20190425,3.97,3.98,3.75,3.77,3.99,-0.22,-5.5138,113058.57,43581.431
230,600982.SH,20190424,3.97,3.99,3.92,3.99,3.95,0.04,1.0127,60455.0,23956.544
231,600982.SH,20190423,4.05,4.05,3.94,3.95,4.05,-0.1,-2.4691,90637.27,36226.833
232,600982.SH,20190422,4.1,4.11,4.03,4.05,4.09,-0.04,-0.978,75608.29,30747.482
233,600982.SH,20190419,4.11,4.13,4.03,4.09,4.11,-0.02,-0.4866,84944.34,34644.047
234,600982.SH,20190418,4.08,4.12,4.06,4.11,4.08,0.03,0.7353,112711.67,46160.4
235,600982.SH,20190417,4.05,4.09,4.03,4.08,4.05,0.03,0.7407,89985.0,36588.96
236,600982.SH,20190416,4.0,4.06,3.93,4.05,4.0,0.05,1.25,90099.12,36050.411
237,600982.SH,20190415,4.08,4.11,4.0,4.0,4.06,-0.06,-1.4778,112308.49,45736.077
238,600982.SH,20190412,4.04,4.09,4.0,4.06,4.03,0.03,0.7444,81244.0,32934.09
239,600982.SH,20190411,4.11,4.12,4.02,4.03,4.12,-0.09,-2.1845,89469.5,36390.929
240,600982.SH,20190410,4.05,4.13,4.01,4.12,4.08,0.04,0.9804,128549.0,52406.633
241,600982.SH,20190409,4.04,4.08,4.02,4.08,4.07,0.01,0.2457,103940.28,42109.587
242,600982.SH,20190408,4.12,4.13,4.01,4.07,4.09,-0.02,-0.489,114244.71,46530.439
243,600982.SH,20190404,4.11,4.14,4.05,4.09,4.08,0.01,0.2451,132171.31,53987.868
244,600982.SH,20190403,3.99,4.09,3.97,4.08,4.0,0.08,2.0,125460.71,50611.038
245,600982.SH,20190402,4.03,4.04,3.97,4.0,4.02,-0.02,-0.4975,137613.22,55210.548
246,600982.SH,20190401,3.95,4.03,3.93,4.02,3.94,0.08,2.0305,136036.94,54387.149
247,600982.SH,20190329,3.92,3.94,3.8,3.94,3.91,0.03,0.7673,158002.45,61266.249
248,600982.SH,20190328,4.08,4.14,3.89,3.91,4.04,-0.13,-3.2178,165598.1,66015.893
249,600982.SH,20190326,4.19,4.23,4.0,4.04,4.2,-0.16,-3.8095,154509.0,63126.74
250,600982.SH,20190325,4.14,4.35,4.08,4.2,4.15,0.05,1.2048,188239.15,79636.316
251,600982.SH,20190322,4.09,4.15,4.03,4.15,4.07,0.08,1.9656,118603.91,48397.393
252,600982.SH,20190321,4.02,4.08,4.02,4.07,4.0,0.07,1.75,121406.31,49148.869
253,600982.SH,20190320,3.97,4.0,3.92,4.0,3.98,0.02,0.5025,94473.01,37462.407
254,600982.SH,20190319,4.08,4.13,3.97,3.98,3.9,0.08,2.0513,199113.36,80026.49
255,600982.SH,20190318,3.84,3.9,3.79,3.9,3.82,0.08,2.0942,66521.11,25616.922
256,600982.SH,20190315,3.77,3.84,3.75,3.82,3.75,0.07,1.8667,73253.24,27816.901
257,600982.SH,20190314,3.81,3.92,3.68,3.75,3.85,-0.1,-2.5974,104411.2,39418.667
258,600982.SH,20190313,3.95,3.97,3.77,3.85,3.94,-0.09,-2.2843,133724.16,52218.589
259,600982.SH,20190312,3.93,4.0,3.88,3.94,3.86,0.08,2.0725,187680.29,74040.795
260,600982.SH,20190311,3.7,3.87,3.7,3.86,3.7,0.16,4.3243,99741.09,37830.132
261,600982.SH,20190308,3.85,3.85,3.66,3.7,3.88,-0.18,-4.6392,131104.17,49436.48
262,600982.SH,20190307,3.83,3.98,3.81,3.88,3.82,0.06,1.5707,157576.1,61279.322
263,600982.SH,20190306,3.8,3.83,3.73,3.82,3.77,0.05,1.3263,119177.67,45160.148
264,600982.SH,20190305,3.72,3.77,3.69,3.77,3.71,0.06,1.6173,67067.5,25004.305
265,600982.SH,20190304,3.7,3.77,3.67,3.71,3.68,0.03,0.8152,125564.75,46813.899
266,600982.SH,20190301,3.67,3.68,3.63,3.68,3.65,0.03,0.8219,68480.34,25062.147
267,600982.SH,20190228,3.65,3.69,3.63,3.65,3.64,0.01,0.2747,73869.03,26995.264
268,600982.SH,20190227,3.62,3.7,3.6,3.64,3.65,-0.01,-0.274,94782.27,34565.156
269,600982.SH,20190226,3.61,3.7,3.58,3.65,3.64,0.01,0.2747,125699.54,45775.05
270,600982.SH,20190225,3.52,3.64,3.52,3.64,3.5,0.14,4.0,139397.03,49863.94
271,600982.SH,20190222,3.44,3.51,3.43,3.5,3.46,0.04,1.1561,60572.03,21027.042
272,600982.SH,20190221,3.44,3.5,3.42,3.46,3.44,0.02,0.5814,86418.64,29969.145
273,600982.SH,20190220,3.47,3.48,3.39,3.44,3.46,-0.02,-0.578,78623.16,26962.863
274,600982.SH,20190219,3.49,3.52,3.43,3.46,3.49,-0.03,-0.8596,69913.0,24322.81
275,600982.SH,20190218,3.39,3.49,3.38,3.49,3.37,0.12,3.5608,75452.41,26053.858
276,600982.SH,20190215,3.36,3.44,3.34,3.37,3.37,0.0,0.0,57957.0,19676.259
277,600982.SH,20190214,3.36,3.39,3.34,3.37,3.37,0.0,0.0,36804.85,12379.588
278,600982.SH,20190213,3.34,3.37,3.3,3.37,3.34,0.03,0.8982,57640.38,19306.718
279,600982.SH,20190212,3.3,3.35,3.3,3.34,3.3,0.04,1.2121,35401.0,11776.824
280,600982.SH,20190211,3.25,3.32,3.2,3.3,3.25,0.05,1.5385,38924.0,12732.145
281,600982.SH,20190201,3.19,3.25,3.19,3.25,3.17,0.08,2.5237,26649.0,8585.18
282,600982.SH,20190131,3.22,3.27,3.11,3.17,3.22,-0.05,-1.5528,30848.11,9918.746
283,600982.SH,20190130,3.21,3.25,3.18,3.22,3.2,0.02,0.625,25407.0,8182.314
284,600982.SH,20190129,3.27,3.29,3.15,3.2,3.27,-0.07,-2.1407,27510.11,8806.769
285,600982.SH,20190128,3.3,3.32,3.26,3.27,3.28,-0.01,-0.3049,18860.0,6212.704
286,600982.SH,20190125,3.32,3.33,3.28,3.28,3.31,-0.03,-0.9063,20818.0,6883.113
287,600982.SH,20190124,3.29,3.32,3.28,3.31,3.28,0.03,0.9146,17720.11,5853.312
288,600982.SH,20190123,3.29,3.32,3.27,3.28,3.3,-0.02,-0.6061,20574.0,6786.135
289,600982.SH,20190122,3.35,3.35,3.29,3.3,3.33,-0.03,-0.9009,27660.0,9190.836
290,600982.SH,20190121,3.35,3.36,3.32,3.33,3.35,-0.02,-0.597,25416.0,8495.865
291,600982.SH,20190118,3.34,3.36,3.31,3.35,3.34,0.01,0.2994,31800.05,10607.074
292,600982.SH,20190117,3.33,3.38,3.31,3.34,3.33,0.01,0.3003,35399.0,11825.695
293,600982.SH,20190116,3.34,3.34,3.29,3.33,3.33,0.0,0.0,26846.23,8921.873
294,600982.SH,20190115,3.33,3.35,3.3,3.33,3.33,0.0,0.0,24009.99,7987.271
295,600982.SH,20190114,3.32,3.35,3.31,3.33,3.33,0.0,0.0,23219.0,7730.913
296,600982.SH,20190111,3.32,3.34,3.29,3.33,3.3,0.03,0.9091,24707.3,8187.575
297,600982.SH,20190110,3.31,3.34,3.28,3.3,3.3,0.0,0.0,32976.05,10934.861
298,600982.SH,20190109,3.3,3.34,3.28,3.3,3.31,-0.01,-0.3021,42665.02,14168.646
299,600982.SH,20190108,3.29,3.34,3.26,3.31,3.31,0.0,0.0,29359.0,9693.627
300,600982.SH,20190107,3.27,3.33,3.24,3.31,3.26,0.05,1.5337,35947.01,11814.221
301,600982.SH,20190104,3.19,3.26,3.16,3.26,3.2,0.06,1.875,38226.01,12319.206
302,600982.SH,20190103,3.19,3.25,3.19,3.2,3.23,-0.03,-0.9288,14230.5,4585.95
303,600982.SH,20190102,3.3,3.3,3.21,3.23,3.33,-0.1,-3.003,43926.0,14273.016
304,600982.SH,20181228,3.23,3.34,3.14,3.33,3.18,0.15,4.717,66018.28,21348.797
305,600982.SH,20181227,3.16,3.19,3.11,3.18,3.14,0.04,1.2739,40954.15,12958.662
306,600982.SH,20181226,3.12,3.15,3.1,3.14,3.13,0.01,0.3195,15227.0,4767.73
307,600982.SH,20181225,3.12,3.13,3.05,3.13,3.16,-0.03,-0.9494,50988.21,15737.416
308,600982.SH,20181224,3.13,3.16,3.11,3.16,3.12,0.04,1.2821,41759.0,13071.156
309,600982.SH,20181221,3.15,3.16,3.09,3.12,3.17,-0.05,-1.5773,42691.03,13301.383
310,600982.SH,20181220,3.16,3.17,3.13,3.17,3.16,0.01,0.3165,31157.0,9799.045
311,600982.SH,20181219,3.19,3.19,3.14,3.16,3.18,-0.02,-0.6289,18478.02,5841.448
312,600982.SH,20181218,3.19,3.2,3.14,3.18,3.21,-0.03,-0.9346,32476.0,10285.357
313,600982.SH,20181217,3.24,3.24,3.18,3.21,3.22,-0.01,-0.3106,18492.02,5923.795
314,600982.SH,20181214,3.28,3.3,3.22,3.22,3.28,-0.06,-1.8293,27038.0,8847.157
315,600982.SH,20181213,3.27,3.31,3.25,3.28,3.26,0.02,0.6135,19007.01,6236.84
316,600982.SH,20181212,3.26,3.27,3.23,3.26,3.24,0.02,0.6173,21221.01,6899.625
317,600982.SH,20181211,3.24,3.27,3.18,3.24,3.22,0.02,0.6211,21016.89,6788.754
318,600982.SH,20181210,3.28,3.29,3.2,3.22,3.31,-0.09,-2.719,45003.02,14643.017
319,600982.SH,20181207,3.33,3.34,3.28,3.31,3.32,-0.01,-0.3012,23575.01,7804.369
320,600982.SH,20181206,3.38,3.38,3.3,3.32,3.38,-0.06,-1.7751,31715.0,10578.589
321,600982.SH,20181205,3.37,3.4,3.33,3.38,3.43,-0.05,-1.4577,27252.1,9182.361
322,600982.SH,20181204,3.4,3.44,3.38,3.43,3.4,0.03,0.8824,43508.89,14836.572
323,600982.SH,20181203,3.37,3.42,3.37,3.4,3.34,0.06,1.7964,56913.0,19343.742
324,600982.SH,20181130,3.32,3.36,3.26,3.34,3.32,0.02,0.6024,24901.55,8230.95
325,600982.SH,20181129,3.49,3.49,3.32,3.32,3.39,-0.07,-2.0649,34237.79,11631.188
326,600982.SH,20181128,3.31,3.39,3.27,3.39,3.33,0.06,1.8018,29181.48,9746.094
327,600982.SH,20181127,3.32,3.37,3.31,3.33,3.3,0.03,0.9091,20388.71,6794.526
328,600982.SH,20181126,3.26,3.38,3.26,3.3,3.3,0.0,0.0,19925.19,6626.999
329,600982.SH,20181123,3.47,3.48,3.28,3.3,3.44,-0.14,-4.0698,40443.05,13608.464
330,600982.SH,20181122,3.47,3.5,3.43,3.44,3.45,-0.01,-0.2899,31829.0,11023.432
331,600982.SH,20181121,3.37,3.47,3.33,3.45,3.37,0.08,2.3739,38670.0,13280.535
332,600982.SH,20181120,3.49,3.49,3.37,3.37,3.51,-0.14,-3.9886,48688.17,16737.969
333,600982.SH,20181119,3.46,3.57,3.45,3.51,3.46,0.05,1.4451,51781.23,18184.905
334,600982.SH,20181116,3.46,3.5,3.42,3.46,3.43,0.03,0.8746,50989.03,17652.804
335,600982.SH,20181115,3.43,3.45,3.4,3.43,3.41,0.02,0.5865,44828.01,15319.437
336,600982.SH,20181114,3.38,3.48,3.38,3.41,3.4,0.01,0.2941,49705.39,16965.421
337,600982.SH,20181113,3.27,3.54,3.26,3.4,3.28,0.12,3.6585,78916.05,26689.265
338,600982.SH,20181112,3.22,3.3,3.22,3.28,3.21,0.07,2.1807,56836.78,18616.15
339,600982.SH,20181109,3.21,3.24,3.19,3.21,3.22,-0.01,-0.3106,21350.0,6872.008
340,600982.SH,20181108,3.23,3.26,3.21,3.22,3.22,0.0,0.0,30890.0,9995.853
341,600982.SH,20181107,3.26,3.27,3.21,3.22,3.27,-0.05,-1.5291,33436.0,10843.66
342,600982.SH,20181106,3.26,3.27,3.2,3.27,3.27,0.0,0.0,43754.0,14151.562
343,600982.SH,20181105,3.24,3.28,3.21,3.27,3.24,0.03,0.9259,33290.0,10802.222
344,600982.SH,20181102,3.2,3.24,3.19,3.24,3.18,0.06,1.8868,31994.68,10300.86
345,600982.SH,20181101,3.22,3.25,3.17,3.18,3.21,-0.03,-0.9346,20535.0,6600.057
346,600982.SH,20181031,3.16,3.25,3.16,3.21,3.16,0.05,1.5823,30743.77,9884.726
347,600982.SH,20181030,3.18,3.19,3.11,3.16,3.15,0.01,0.3175,21132.75,6665.886
348,600982.SH,20181029,3.18,3.22,3.13,3.15,3.17,-0.02,-0.6309,15949.38,5055.079
349,600982.SH,20181026,3.16,3.22,3.13,3.17,3.14,0.03,0.9554,20328.07,6456.827
350,600982.SH,20181025,3.09,3.14,3.06,3.14,3.15,-0.01,-0.3175,21163.5,6565.047
351,600982.SH,20181024,3.11,3.18,3.11,3.15,3.14,0.01,0.3185,13339.0,4194.062
352,600982.SH,20181023,3.21,3.22,3.12,3.14,3.22,-0.08,-2.4845,27637.11,8782.541
353,600982.SH,20181022,3.1,3.24,3.09,3.22,3.08,0.14,4.5455,44105.41,14007.807
354,600982.SH,20181019,3.03,3.09,2.99,3.08,3.06,0.02,0.6536,19912.31,6069.185
355,600982.SH,20181018,3.1,3.1,3.01,3.06,3.13,-0.07,-2.2364,21035.51,6409.935
356,600982.SH,20181017,3.09,3.13,3.0,3.13,3.05,0.08,2.623,22111.0,6769.8
357,600982.SH,20181016,3.14,3.15,3.04,3.05,3.14,-0.09,-2.8662,18932.0,5856.585
358,600982.SH,20181015,3.12,3.2,3.11,3.14,3.17,-0.03,-0.9464,17144.48,5403.121
359,600982.SH,20181012,3.23,3.24,3.01,3.17,3.3,-0.13,-3.9394,35459.99,11199.529
360,600982.SH,20181011,3.35,3.35,3.18,3.3,3.41,-0.11,-3.2258,68217.45,22287.043
361,600982.SH,20181010,3.38,3.42,3.36,3.41,3.38,0.03,0.8876,19629.91,6659.292
362,600982.SH,20181009,3.33,3.38,3.33,3.38,3.35,0.03,0.8955,17483.39,5880.336
363,600982.SH,20181008,3.39,3.41,3.33,3.35,3.43,-0.08,-2.3324,27383.39,9200.544
364,600982.SH,20180928,3.44,3.46,3.4,3.43,3.45,-0.02,-0.5797,31879.16,10912.643
365,600982.SH,20180927,3.46,3.5,3.43,3.45,3.45,0.0,0.0,41273.2,14321.988
366,600982.SH,20180926,3.42,3.47,3.42,3.45,3.45,0.0,0.0,30213.0,10443.055
367,600982.SH,20180925,3.4,3.46,3.39,3.45,3.43,0.02,0.5831,33554.29,11547.626
368,600982.SH,20180921,3.4,3.44,3.39,3.43,3.4,0.03,0.8824,41500.8,14212.224
369,600982.SH,20180920,3.42,3.45,3.39,3.4,3.42,-0.02,-0.5848,33648.96,11495.078
370,600982.SH,20180919,3.37,3.46,3.35,3.42,3.39,0.03,0.885,51587.12,17616.416
371,600982.SH,20180918,3.38,3.41,3.33,3.39,3.41,-0.02,-0.5865,60420.86,20337.633
372,600982.SH,20180917,3.34,3.45,3.3,3.41,3.35,0.06,1.791,88768.75,30067.34
373,600982.SH,20180914,3.32,3.36,3.28,3.35,3.31,0.04,1.2085,44408.28,14758.369
374,600982.SH,20180913,3.28,3.32,3.27,3.31,3.26,0.05,1.5337,37786.84,12453.949
375,600982.SH,20180912,3.26,3.28,3.23,3.26,3.27,-0.01,-0.3058,19041.61,6206.044
376,600982.SH,20180911,3.21,3.3,3.2,3.27,3.24,0.03,0.9259,26889.4,8742.7
377,600982.SH,20180910,3.25,3.27,3.22,3.24,3.27,-0.03,-0.9174,15396.03,4987.124
378,600982.SH,20180907,3.26,3.29,3.25,3.27,3.24,0.03,0.9259,20227.0,6610.661
379,600982.SH,20180906,3.23,3.29,3.23,3.24,3.24,0.0,0.0,18529.0,6037.382
380,600982.SH,20180905,3.29,3.31,3.23,3.24,3.29,-0.05,-1.5198,14096.0,4611.752
381,600982.SH,20180904,3.26,3.32,3.26,3.29,3.25,0.04,1.2308,25333.71,8331.532
382,600982.SH,20180903,3.24,3.28,3.18,3.25,3.25,0.0,0.0,32588.0,10547.266
383,600982.SH,20180831,3.25,3.29,3.24,3.25,3.25,0.0,0.0,15536.97,5076.83
384,600982.SH,20180830,3.31,3.33,3.25,3.25,3.31,-0.06,-1.8127,17071.8,5616.329
385,600982.SH,20180829,3.33,3.33,3.3,3.31,3.32,-0.01,-0.3012,11694.0,3876.355
386,600982.SH,20180828,3.33,3.35,3.3,3.32,3.32,0.0,0.0,17908.79,5942.267
387,600982.SH,20180827,3.29,3.33,3.28,3.32,3.29,0.03,0.9119,20764.5,6879.751
388,600982.SH,20180824,3.3,3.32,3.28,3.29,3.31,-0.02,-0.6042,14813.0,4888.129
389,600982.SH,20180823,3.31,3.33,3.28,3.31,3.31,0.0,0.0,14779.24,4887.128
390,600982.SH,20180822,3.29,3.37,3.27,3.31,3.3,0.01,0.303,21326.86,7073.328
391,600982.SH,20180821,3.27,3.33,3.25,3.3,3.27,0.03,0.9174,19047.0,6268.855
392,600982.SH,20180820,3.25,3.28,3.2,3.27,3.24,0.03,0.9259,20533.0,6656.648
393,600982.SH,20180817,3.27,3.3,3.22,3.24,3.26,-0.02,-0.6135,19656.0,6413.805
394,600982.SH,20180816,3.24,3.29,3.21,3.26,3.25,0.01,0.3077,26088.0,8498.419
395,600982.SH,20180815,3.32,3.32,3.24,3.25,3.32,-0.07,-2.1084,23739.0,7797.405
396,600982.SH,20180814,3.29,3.34,3.28,3.32,3.29,0.03,0.9119,28257.0,9373.29
397,600982.SH,20180813,3.3,3.3,3.23,3.29,3.32,-0.03,-0.9036,28518.0,9317.555
398,600982.SH,20180810,3.31,3.34,3.3,3.32,3.32,0.0,0.0,20518.0,6808.045
399,600982.SH,20180809,3.26,3.34,3.26,3.32,3.29,0.03,0.9119,37333.0,12368.88
400,600982.SH,20180808,3.25,3.33,3.25,3.29,3.28,0.01,0.3049,44070.02,14517.56
401,600982.SH,20180807,3.19,3.28,3.19,3.28,3.19,0.09,2.8213,31739.0,10291.105
402,600982.SH,20180806,3.25,3.28,3.17,3.19,3.27,-0.08,-2.4465,34182.0,11005.238
403,600982.SH,20180803,3.24,3.29,3.21,3.27,3.26,0.01,0.3067,38103.71,12398.675
404,600982.SH,20180802,3.35,3.36,3.18,3.26,3.34,-0.08,-2.3952,76246.0,24818.155
405,600982.SH,20180801,3.4,3.44,3.31,3.34,3.49,-0.15,-4.298,140438.0,47331.894
406,600982.SH,20180731,3.62,3.74,3.42,3.49,3.61,-0.12,-3.3241,232489.98,83820.907
407,600982.SH,20180730,3.61,3.61,3.61,3.61,3.28,0.33,10.061,62338.95,22504.361
408,600982.SH,20180727,3.29,3.32,3.27,3.28,3.31,-0.03,-0.9063,27340.0,8999.104
409,600982.SH,20180726,3.22,3.36,3.2,3.31,3.23,0.08,2.4768,75062.04,24687.723
410,600982.SH,20180725,3.21,3.24,3.19,3.23,3.21,0.02,0.6231,30278.5,9732.851
411,600982.SH,20180724,3.16,3.22,3.14,3.21,3.15,0.06,1.9048,32620.85,10405.245
412,600982.SH,20180723,3.11,3.17,3.08,3.15,3.13,0.02,0.639,30959.05,9714.209
413,600982.SH,20180720,3.08,3.14,3.06,3.13,3.08,0.05,1.6234,27747.7,8609.014
414,600982.SH,20180719,3.13,3.13,3.07,3.08,3.12,-0.04,-1.28,15829.0,4895.39
415,600982.SH,20180718,3.11,3.18,3.1,3.12,3.11,0.01,0.32,22758.5,7134.797
416,600982.SH,20180717,3.1,3.12,3.08,3.11,3.09,0.02,0.65,12777.0,3958.437
417,600982.SH,20180716,3.12,3.12,3.07,3.09,3.12,-0.03,-0.96,12081.0,3726.782
418,600982.SH,20180713,3.12,3.13,3.08,3.12,3.12,0.0,0.0,21580.0,6698.503
419,600982.SH,20180712,3.05,3.12,3.05,3.12,3.05,0.07,2.3,29023.96,8992.608
420,600982.SH,20180711,3.09,3.1,3.03,3.05,3.12,-0.07,-2.24,18692.0,5740.325
421,600982.SH,20180710,3.1,3.13,3.08,3.12,3.1,0.02,0.65,13064.1,4054.363
422,600982.SH,20180709,3.08,3.12,3.08,3.1,3.08,0.02,0.65,19327.0,5997.828
423,600982.SH,20180706,3.05,3.11,3.0,3.08,3.05,0.03,0.98,26920.5,8257.404
424,600982.SH,20180705,3.12,3.13,3.03,3.05,3.12,-0.07,-2.24,34320.0,10579.308
425,600982.SH,20180704,3.11,3.15,3.09,3.12,3.13,-0.01,-0.32,34645.0,10821.947
426,600982.SH,20180703,3.1,3.14,3.07,3.13,3.1,0.03,0.97,53386.78,16598.6
427,600982.SH,20180702,3.12,3.16,3.06,3.1,3.11,-0.01,-0.32,30494.6,9513.083
428,600982.SH,20180629,3.02,3.13,3.02,3.11,3.03,0.08,2.64,37252.8,11495.864
429,600982.SH,20180628,3.01,3.05,2.99,3.03,3.0,0.03,1.0,32702.35,9902.94
430,600982.SH,20180627,3.01,3.04,2.98,3.0,3.01,-0.01,-0.33,20468.0,6163.37
431,600982.SH,20180626,2.96,3.02,2.93,3.01,2.97,0.04,1.35,24174.94,7232.11
432,600982.SH,20180625,3.0,3.04,2.97,2.97,2.98,-0.01,-0.34,22963.44,6895.027
433,600982.SH,20180622,2.95,3.01,2.9,2.98,2.95,0.03,1.02,31509.44,9327.66
434,600982.SH,20180621,3.01,3.05,2.95,2.95,3.03,-0.08,-2.64,34793.12,10432.398
435,600982.SH,20180620,3.0,3.09,2.92,3.03,3.07,-0.04,-1.3,103959.42,31075.833
436,600982.SH,20180619,3.3,3.3,3.01,3.07,3.34,-0.27,-8.08,56168.3,17521.918
437,600982.SH,20180615,3.47,3.47,3.3,3.34,3.46,-0.12,-3.47,39479.3,13305.93
438,600982.SH,20180614,3.5,3.51,3.44,3.46,3.5,-0.04,-1.14,19787.0,6868.364
439,600982.SH,20180613,3.55,3.57,3.46,3.5,3.57,-0.07,-1.96,21790.31,7639.466
440,600982.SH,20180612,3.58,3.61,3.5,3.57,3.58,-0.01,-0.28,19073.51,6773.964
441,600982.SH,20180611,3.62,3.63,3.57,3.58,3.66,-0.08,-2.19,27766.0,9984.929
442,600982.SH,20180608,3.54,3.76,3.44,3.66,3.55,0.11,3.1,59739.0,21312.416
443,600982.SH,20180607,3.57,3.58,3.53,3.55,3.56,-0.01,-0.28,13807.0,4898.342
444,600982.SH,20180606,3.57,3.57,3.53,3.56,3.57,-0.01,-0.28,10656.0,3785.744
445,600982.SH,20180605,3.58,3.58,3.5,3.57,3.56,0.01,0.28,18800.0,6655.676
446,600982.SH,20180604,3.58,3.59,3.55,3.56,3.56,0.0,0.0,13331.0,4756.319
447,600982.SH,20180601,3.62,3.63,3.56,3.6,3.62,-0.02,-0.55,15047.06,5411.789
448,600982.SH,20180531,3.6,3.65,3.58,3.62,3.61,0.01,0.28,24529.0,8860.671
449,600982.SH,20180530,3.64,3.66,3.55,3.61,3.66,-0.05,-1.37,44666.0,16042.441
450,600982.SH,20180529,3.68,3.7,3.64,3.66,3.7,-0.04,-1.08,25033.0,9170.804
451,600982.SH,20180528,3.71,3.71,3.65,3.7,3.72,-0.02,-0.54,26376.98,9705.182
452,600982.SH,20180525,3.74,3.74,3.68,3.72,3.74,-0.02,-0.53,30058.0,11140.728
453,600982.SH,20180524,3.75,3.77,3.73,3.74,3.76,-0.02,-0.53,25304.0,9493.396
454,600982.SH,20180523,3.8,3.82,3.75,3.76,3.8,-0.04,-1.05,40083.8,15158.791
455,600982.SH,20180522,3.78,3.85,3.76,3.8,3.77,0.03,0.8,68182.31,25886.235
456,600982.SH,20180521,3.76,3.81,3.75,3.77,3.75,0.02,0.53,41294.17,15593.769
457,600982.SH,20180518,3.77,3.81,3.75,3.75,3.77,-0.02,-0.53,43410.5,16403.456
458,600982.SH,20180517,3.8,3.8,3.75,3.77,3.8,-0.03,-0.79,13923.81,5249.877
459,600982.SH,20180516,3.81,3.83,3.79,3.8,3.82,-0.02,-0.52,7523.0,2865.697
460,600982.SH,20180515,3.8,3.83,3.78,3.82,3.8,0.02,0.53,15474.43,5886.423
461,600982.SH,20180514,3.84,3.85,3.79,3.8,3.85,-0.05,-1.3,13440.78,5140.984
462,600982.SH,20180511,3.87,3.9,3.83,3.85,3.88,-0.03,-0.77,14216.0,5487.562
463,600982.SH,20180510,3.85,3.9,3.82,3.88,3.84,0.04,1.04,18612.18,7206.05
464,600982.SH,20180509,3.87,3.87,3.83,3.84,3.87,-0.03,-0.78,12350.5,4756.342
465,600982.SH,20180508,3.85,3.88,3.84,3.87,3.87,0.0,0.0,13316.0,5142.615
466,600982.SH,20180507,3.83,3.89,3.81,3.87,3.84,0.03,0.78,29344.32,11311.037
467,600982.SH,20180504,3.72,3.87,3.7,3.84,3.72,0.12,3.23,43222.19,16424.083
468,600982.SH,20180503,3.72,3.73,3.68,3.72,3.72,0.0,0.0,15423.45,5710.414
469,600982.SH,20180502,3.76,3.76,3.68,3.72,3.76,-0.04,-1.06,20937.0,7779.676
470,600982.SH,20180427,3.76,3.77,3.73,3.76,3.76,0.0,0.0,13539.5,5081.566
471,600982.SH,20180426,3.79,3.82,3.74,3.76,3.8,-0.04,-1.05,21796.0,8217.84
472,600982.SH,20180425,3.74,3.82,3.74,3.8,3.77,0.03,0.8,21917.14,8286.413
473,600982.SH,20180424,3.72,3.78,3.71,3.77,3.75,0.02,0.53,24183.0,9096.577
474,600982.SH,20180423,3.7,3.77,3.64,3.75,3.75,0.0,0.0,39068.93,14485.709
475,600982.SH,20180420,3.7,3.76,3.61,3.75,3.72,0.03,0.81,46926.72,17246.689
476,600982.SH,20180419,3.72,3.75,3.71,3.72,3.72,0.0,0.0,25036.06,9325.411
477,600982.SH,20180418,3.74,3.75,3.67,3.72,3.73,-0.01,-0.27,36904.73,13654.858
478,600982.SH,20180417,3.77,3.8,3.68,3.73,3.77,-0.04,-1.06,34295.75,12771.896
479,600982.SH,20180416,3.82,3.83,3.75,3.77,3.82,-0.05,-1.31,18702.3,7072.469
480,600982.SH,20180413,3.86,3.87,3.8,3.82,3.85,-0.03,-0.78,16661.9,6401.116
481,600982.SH,20180412,3.88,3.88,3.83,3.85,3.89,-0.04,-1.03,16064.92,6200.539
482,600982.SH,20180411,3.85,3.92,3.83,3.89,3.85,0.04,1.04,28496.82,11055.795
483,600982.SH,20180410,3.83,3.85,3.81,3.85,3.85,0.0,0.0,17898.26,6850.134
484,600982.SH,20180409,3.84,3.86,3.78,3.85,3.85,0.0,0.0,16829.15,6428.749
485,600982.SH,20180404,3.87,3.9,3.84,3.85,3.86,-0.01,-0.26,19754.45,7641.77
486,600982.SH,20180403,3.91,3.91,3.85,3.86,3.93,-0.07,-1.78,18851.0,7289.246
487,600982.SH,20180402,3.91,3.95,3.91,3.93,3.92,0.01,0.26,17683.29,6943.12
488,600982.SH,20180330,3.91,3.93,3.88,3.92,3.89,0.03,0.77,21711.15,8471.063
489,600982.SH,20180329,3.87,3.91,3.86,3.89,3.88,0.01,0.26,19649.02,7628.415
490,600982.SH,20180328,3.87,3.89,3.83,3.88,3.89,-0.01,-0.26,22031.02,8496.168
491,600982.SH,20180327,3.84,3.92,3.83,3.89,3.83,0.06,1.57,35665.15,13831.071
492,600982.SH,20180326,3.75,3.83,3.66,3.83,3.78,0.05,1.32,39349.85,14675.253
493,600982.SH,20180323,3.91,3.92,3.74,3.78,3.98,-0.2,-5.03,51615.0,19737.536
494,600982.SH,20180322,3.9,3.98,3.9,3.98,3.96,0.02,0.51,21152.1,8356.959
495,600982.SH,20180321,3.98,4.02,3.94,3.96,4.0,-0.04,-1.0,29771.0,11879.894
496,600982.SH,20180320,3.97,4.01,3.94,4.0,4.02,-0.02,-0.5,27186.0,10801.815
497,600982.SH,20180319,4.0,4.04,3.99,4.02,3.99,0.03,0.75,23418.02,9410.515
498,600982.SH,20180316,3.98,4.03,3.96,3.99,3.98,0.01,0.25,21667.66,8681.437
499,600982.SH,20180315,3.96,4.0,3.95,3.98,3.98,0.0,0.0,30286.96,12024.617
500,600982.SH,20180314,4.02,4.02,3.97,3.98,4.02,-0.04,-1.0,21481.91,8561.712
501,600982.SH,20180313,4.05,4.05,4.01,4.02,4.04,-0.02,-0.5,21892.01,8803.067
502,600982.SH,20180312,4.02,4.06,4.02,4.04,4.01,0.03,0.75,23321.17,9424.756
503,600982.SH,20180309,3.99,4.02,3.98,4.01,4.0,0.01,0.25,16352.0,6544.955
504,600982.SH,20180308,3.96,4.02,3.96,4.0,3.97,0.03,0.76,28999.01,11598.556
505,600982.SH,20180307,4.03,4.03,3.96,3.97,3.99,-0.02,-0.5,27037.0,10777.66
506,600982.SH,20180306,3.91,4.0,3.91,3.99,3.92,0.07,1.79,34110.0,13533.906
507,600982.SH,20180305,3.9,3.94,3.9,3.92,3.92,0.0,0.0,14290.91,5593.032
508,600982.SH,20180302,3.91,3.94,3.87,3.92,3.91,0.01,0.26,17546.43,6876.917
509,600982.SH,20180301,3.86,3.92,3.84,3.91,3.87,0.04,1.03,26023.99,10137.223
510,600982.SH,20180228,3.86,3.88,3.83,3.87,3.88,-0.01,-0.26,17997.98,6946.234
511,600982.SH,20180227,3.89,3.91,3.84,3.88,3.9,-0.02,-0.51,39935.92,15412.65
512,600982.SH,20180226,3.88,3.92,3.85,3.9,3.86,0.04,1.04,27231.96,10604.07
513,600982.SH,20180223,3.86,3.87,3.83,3.86,3.86,0.0,0.0,14207.2,5477.884
514,600982.SH,20180222,3.82,3.87,3.81,3.86,3.82,0.04,1.05,15279.65,5886.534
515,600982.SH,20180214,3.78,3.82,3.76,3.82,3.78,0.04,1.06,13628.12,5170.062
516,600982.SH,20180213,3.78,3.8,3.76,3.78,3.78,0.0,0.0,19422.0,7349.403
517,600982.SH,20180212,3.66,3.79,3.66,3.78,3.66,0.12,3.28,25052.04,9390.803
518,600982.SH,20180209,3.71,3.74,3.61,3.66,3.76,-0.1,-2.66,30973.2,11392.195
519,600982.SH,20180208,3.72,3.79,3.69,3.76,3.69,0.07,1.9,24904.0,9341.987
520,600982.SH,20180207,3.77,3.8,3.65,3.69,3.73,-0.04,-1.07,50839.0,18944.046
521,600982.SH,20180206,3.93,3.93,3.72,3.73,3.96,-0.23,-5.81,48515.0,18652.543
522,600982.SH,20180205,3.92,3.99,3.9,3.96,3.97,-0.01,-0.25,19428.0,7682.951
523,600982.SH,20180202,3.99,4.08,3.87,3.97,4.0,-0.03,-0.75,50787.07,20139.397
524,600982.SH,20180201,4.18,4.2,3.9,4.0,4.18,-0.18,-4.31,68849.85,27801.977
525,600982.SH,20180131,4.24,4.25,4.17,4.18,4.25,-0.07,-1.65,43562.25,18272.27
526,600982.SH,20180130,4.24,4.27,4.23,4.25,4.26,-0.01,-0.23,19671.21,8359.29
527,600982.SH,20180129,4.28,4.31,4.25,4.26,4.28,-0.02,-0.47,27544.53,11779.923
528,600982.SH,20180126,4.28,4.3,4.26,4.28,4.28,0.0,0.0,28611.82,12245.912
529,600982.SH,20180125,4.29,4.32,4.24,4.28,4.29,-0.01,-0.23,44362.66,19003.543
530,600982.SH,20180124,4.26,4.3,4.25,4.29,4.26,0.03,0.7,26087.15,11152.796
531,600982.SH,20180123,4.25,4.29,4.24,4.26,4.27,-0.01,-0.23,29800.5,12703.938
532,600982.SH,20180122,4.24,4.28,4.21,4.27,4.25,0.02,0.47,25300.15,10738.538
533,600982.SH,20180119,4.3,4.3,4.2,4.25,4.3,-0.05,-1.16,67336.93,28556.157
534,600982.SH,20180118,4.3,4.31,4.27,4.3,4.29,0.01,0.23,17007.63,7294.875
535,600982.SH,20180117,4.32,4.32,4.25,4.29,4.33,-0.04,-0.92,29512.63,12639.266
536,600982.SH,20180116,4.28,4.35,4.27,4.33,4.33,0.0,0.0,43567.27,18752.993
537,600982.SH,20180115,4.4,4.44,4.31,4.33,4.43,-0.1,-2.26,41325.0,18043.461
538,600982.SH,20180112,4.34,4.45,4.33,4.43,4.34,0.09,2.07,78754.2,34647.907
539,600982.SH,20180111,4.31,4.36,4.31,4.34,4.34,0.0,0.0,25554.41,11075.092
540,600982.SH,20180110,4.38,4.38,4.31,4.34,4.38,-0.04,-0.91,32490.7,14088.978
541,600982.SH,20180109,4.4,4.41,4.37,4.38,4.41,-0.03,-0.68,24565.43,10792.156
542,600982.SH,20180108,4.41,4.41,4.37,4.41,4.41,0.0,0.0,31485.21,13815.398
543,600982.SH,20180105,4.37,4.43,4.36,4.41,4.38,0.03,0.68,39098.03,17199.348
544,600982.SH,20180104,4.39,4.43,4.36,4.38,4.38,0.0,0.0,36054.63,15843.4
545,600982.SH,20180103,4.36,4.4,4.34,4.38,4.36,0.02,0.46,33818.92,14785.96
546,600982.SH,20180102,4.31,4.36,4.3,4.36,4.31,0.05,1.16,30379.18,13193.757
